BIN,DOITT_ID,status,probability,label
5165271,1229471,ok,0.98631114,destroyed
5167245,1198870,ok,0.9828592,destroyed
5160142,1160953,ok,0.95691055,destroyed
5152020,1231521,ok,0.95700675,destroyed
5170191,1186919,ok,0.9529694,destroyed
5168112,1223022,ok,0.98076403,destroyed
5142398,959116,ok,0.962022,destroyed
5145286,1297043,ok,0.9663739,destroyed
5107487,299562,ok,0.992278,destroyed
5025251,681522,ok,0.95078677,destroyed
5054095,162597,ok,0.979763,destroyed
5156749,1225315,ok,0.9755241,destroyed
5168152,1186075,ok,0.9721451,destroyed
5113238,42697,ok,0.9891265,destroyed
5136818,977267,ok,0.9845598,destroyed
5130069,1017820,ok,0.9812402,destroyed
5158394,1273225,ok,0.9668538,destroyed
5055182,218848,ok,0.9886565,destroyed
5161028,1226256,ok,0.9727947,destroyed
5157896,1003989,ok,0.97195494,destroyed
5169379,1187284,ok,0.983748,destroyed
5158187,1225720,ok,0.98215014,destroyed
5124137,709289,ok,0.97820914,destroyed
5160599,539352,ok,0.98963445,destroyed
5154421,498896,ok,0.98445433,destroyed
5156611,1161113,ok,0.99105924,destroyed
5138787,965154,ok,0.959202,destroyed
5143652,919564,ok,0.980162,destroyed
5159799,361625,ok,0.9917406,destroyed
5167901,1229484,ok,0.9887135,destroyed
5138035,953033,ok,0.98950815,destroyed
5165575,1233250,ok,0.97672063,destroyed
5165428,1187752,ok,0.9785597,destroyed
5165843,1246588,ok,0.95375067,destroyed
5158227,1194282,ok,0.98566955,destroyed
5169933,1187348,ok,0.9858537,destroyed
5152428,1218201,ok,0.9910199,destroyed
5138194,856218,ok,0.987425,destroyed
5005652,698016,ok,0.9856312,destroyed
5167065,1270747,ok,0.9843605,destroyed
5063931,504090,ok,0.98349714,destroyed
5160523,1240499,ok,0.98594844,destroyed
5157323,754235,ok,0.992397,destroyed
5145492,931269,ok,0.96927613,destroyed
5168702,959175,ok,0.98595506,destroyed
5163835,400610,ok,0.9916312,destroyed
5159822,1294494,ok,0.9647634,destroyed
5139860,800331,ok,0.974824,destroyed
5136746,960805,ok,0.97921693,destroyed
5165936,1190521,ok,0.98818237,destroyed
5161830,35242,ok,0.9866968,destroyed
5158192,1161350,ok,0.9676174,destroyed
5156168,690592,ok,0.9871296,destroyed
5143417,1187341,ok,0.97791654,destroyed
5161136,1205061,ok,0.9682049,destroyed
5137631,936831,ok,0.9826512,destroyed
5143482,955498,ok,0.97310036,destroyed
5023723,361446,ok,0.96065724,destroyed
5155142,55391,ok,0.97622776,destroyed
5144336,1229487,ok,0.98738503,destroyed
5136642,884919,ok,0.984354,destroyed
5160387,1205609,ok,0.96685654,destroyed
5168576,1237784,ok,0.968808,destroyed
5160389,1198987,ok,0.9665364,destroyed
5142546,975026,ok,0.97479296,destroyed
5168960,1186859,ok,0.9775392,destroyed
5017136,227508,ok,0.9795364,destroyed
5023693,1032740,ok,0.9737258,destroyed
5168763,1043201,ok,0.9598434,destroyed
5154393,1062612,ok,0.993922,destroyed
5144128,970910,ok,0.9515395,destroyed
5018079,1039006,ok,0.97100574,destroyed
5165803,1191819,ok,0.97950315,destroyed
5118456,831839,ok,0.96675605,destroyed
5156962,1217441,ok,0.96103114,destroyed
5156294,1244453,ok,0.98881257,destroyed
5154530,15506,ok,0.9844631,destroyed
5077579,340227,ok,0.95157474,destroyed
5159499,1091241,ok,0.9878939,destroyed
5143870,934530,ok,0.98102725,destroyed
5165567,1187475,ok,0.96400714,destroyed
5138889,1270661,ok,0.9857027,destroyed
5141346,961055,ok,0.9836194,destroyed
5137911,914598,ok,0.97980577,destroyed
5168801,1270930,ok,0.97177833,destroyed
5169054,1270950,ok,0.9887582,destroyed
5166931,1270953,ok,0.97415257,destroyed
5001377,13384,ok,0.96786946,destroyed
5153506,119394,ok,0.9714854,destroyed
5106493,840413,ok,0.9518328,destroyed
5166191,1216876,ok,0.9775095,destroyed
5113368,234823,ok,0.97956276,destroyed
5169962,1270441,ok,0.98144275,destroyed
5169704,1270859,ok,0.9660215,destroyed
5169946,1270533,ok,0.99085134,destroyed
5137118,863995,ok,0.99159193,destroyed
5165551,1224209,ok,0.9698868,destroyed
5161259,1194067,ok,0.98557067,destroyed
5167359,1186088,ok,0.9618115,destroyed
5138456,920611,ok,0.95779365,destroyed
5145363,979862,ok,0.9839283,destroyed
5137392,914822,ok,0.98514915,destroyed
5141609,881884,ok,0.97536474,destroyed
5136654,928359,ok,0.9826484,destroyed
5116762,453047,ok,0.95581824,destroyed
5159801,124243,ok,0.98325366,destroyed
5143129,971652,ok,0.9569195,destroyed
5156376,1194070,ok,0.98314464,destroyed
5159385,1086775,ok,0.9688357,destroyed
5168810,1270288,ok,0.9921629,destroyed
5167193,1270177,ok,0.9876139,destroyed
5137503,965133,ok,0.98135513,destroyed
5131930,961772,ok,0.99009633,destroyed
5115958,958044,ok,0.9794056,destroyed
5130851,1286492,ok,0.96374,destroyed
5160509,1154269,ok,0.98302424,destroyed
5175909,1299808,ok,0.97016025,destroyed
5168832,1157528,ok,0.99339515,destroyed
5168269,1186704,ok,0.98443997,destroyed
5157040,768369,ok,0.968932,destroyed
5152083,1203318,ok,0.9760297,destroyed
5152162,1158223,ok,0.956188,destroyed
5115464,262286,ok,0.97974634,destroyed
5159455,1250490,ok,0.97432023,destroyed
5172001,1291197,ok,0.9664913,destroyed
5169388,1270476,ok,0.96118087,destroyed
5167412,1186924,ok,0.9796204,destroyed
5139284,871560,ok,0.98151934,destroyed
5161659,1161072,ok,0.964651,destroyed
5139795,900290,ok,0.9781129,destroyed
5166169,1216674,ok,0.97515786,destroyed
5108796,10266,ok,0.9622243,destroyed
5156582,514540,ok,0.96709836,destroyed
5137866,909691,ok,0.95086884,destroyed
5158134,328442,ok,0.9900371,destroyed
5155255,1030765,ok,0.99421895,destroyed
5138285,960737,ok,0.95083016,destroyed
5155204,153708,ok,0.9602607,destroyed
5157318,176823,ok,0.97089875,destroyed
5152966,1157458,ok,0.9640523,destroyed
5139313,892933,ok,0.968851,destroyed
5151990,1039442,ok,0.98581296,destroyed
5167608,1185563,ok,0.9887404,destroyed
5152078,1157670,ok,0.9834446,destroyed
5142763,958949,ok,0.9762763,destroyed
5051289,438669,ok,0.96093994,destroyed
5144964,972159,ok,0.9571048,destroyed
5159482,1038852,ok,0.9814192,destroyed
5142276,1157548,ok,0.98751175,destroyed
5161310,1044030,ok,0.95272756,destroyed
5136357,944161,ok,0.9820502,destroyed
5155141,197027,ok,0.97985476,destroyed
5157454,1231131,ok,0.97510785,destroyed
5156742,308211,ok,0.975745,destroyed
5137922,980694,ok,0.95525813,destroyed
5077599,1911,ok,0.9876524,destroyed
5158186,1016462,ok,0.9945527,destroyed
5164591,1225972,ok,0.98759055,destroyed
5103937,569901,ok,0.96952236,destroyed
5087232,1290870,ok,0.965169,destroyed
5136644,891471,ok,0.96704996,destroyed
5168250,1270694,ok,0.98898274,destroyed
5165341,1239712,ok,0.9906713,destroyed
5153339,925669,ok,0.9802201,destroyed
5161159,1194310,ok,0.96881336,destroyed
5169729,1280971,ok,0.98949987,destroyed
5159387,196369,ok,0.99232143,destroyed
5167621,1231621,ok,0.9916102,destroyed
5162107,1230751,ok,0.9762388,destroyed
5141165,902574,ok,0.96032435,destroyed
5156810,1028212,ok,0.97597116,destroyed
5144247,1241965,ok,0.95737576,destroyed
5143932,971421,ok,0.98781884,destroyed
5169931,1270089,ok,0.9809724,destroyed
5107896,603737,ok,0.98800045,destroyed
5136331,965141,ok,0.9683975,destroyed
5140032,924065,ok,0.9579389,destroyed
5152506,1232432,ok,0.9747711,destroyed
5162851,1157090,ok,0.9593522,destroyed
5127083,1262487,ok,0.97790104,destroyed
5139087,902600,ok,0.9771463,destroyed
5167208,1270812,ok,0.9779634,destroyed
5167209,1270827,ok,0.9855753,destroyed
5087261,435401,ok,0.9506651,destroyed
5143424,979343,ok,0.9559712,destroyed
5151973,1088288,ok,0.9958698,destroyed
5143528,955810,ok,0.9889747,destroyed
5133506,1223356,ok,0.9640479,destroyed
5137072,907080,ok,0.98891616,destroyed
5131927,961781,ok,0.9911628,destroyed
5169668,746120,ok,0.9902867,destroyed
5156689,1198207,ok,0.98506355,destroyed
5137629,976743,ok,0.9746446,destroyed
5156526,1157712,ok,0.97935414,destroyed
5168445,1185551,ok,0.9708075,destroyed
5165449,1239711,ok,0.96187985,destroyed
5168876,1222061,ok,0.9711438,destroyed
5167948,1187697,ok,0.98001087,destroyed
5169622,1270397,ok,0.9917721,destroyed
5160602,1157729,ok,0.9822641,destroyed
5152978,287363,ok,0.96964383,destroyed
5145147,929945,ok,0.9905406,destroyed
5167279,1245103,ok,0.9760489,destroyed
5035473,279204,ok,0.9952668,destroyed
5154167,1160781,ok,0.99256516,destroyed
5107068,1043318,ok,0.9845005,destroyed
5163435,1253382,ok,0.9746909,destroyed
5161456,1217212,ok,0.9616842,destroyed
5001338,384166,ok,0.9884438,destroyed
5137279,909921,ok,0.9794399,destroyed
5139771,1228346,ok,0.96758837,destroyed
5137914,889654,ok,0.9816335,destroyed
5162442,1066617,ok,0.98327947,destroyed
5162086,1156469,ok,0.963395,destroyed
5161152,1207395,ok,0.9614857,destroyed
5043957,579085,ok,0.98006755,destroyed
5169713,1185972,ok,0.98320687,destroyed
5137582,876370,ok,0.9503295,destroyed
5138941,1207381,ok,0.96845174,destroyed
5163053,1237071,ok,0.9521702,destroyed
5013507,782713,ok,0.96951956,destroyed
5143017,962867,ok,0.97203255,destroyed
5166238,1160803,ok,0.9710361,destroyed
5165702,1185772,ok,0.95965016,destroyed
5160140,565844,ok,0.9750292,destroyed
5153230,1215700,ok,0.9719982,destroyed
5123412,1008616,ok,0.95071435,destroyed
5161313,1221664,ok,0.9792693,destroyed
5159497,1045469,ok,0.951195,destroyed
5160957,643244,ok,0.95711076,destroyed
5172087,1295613,ok,0.9860681,destroyed
5167856,1199593,ok,0.9661568,destroyed
5166956,1270805,ok,0.95574594,destroyed
5151940,1249996,ok,0.97543645,destroyed
5139611,969107,ok,0.9768063,destroyed
5138714,941045,ok,0.95021796,destroyed
5161252,1161626,ok,0.982163,destroyed
5165776,1223012,ok,0.95425785,destroyed
5141205,896287,ok,0.96653074,destroyed
5087703,513521,ok,0.98820984,destroyed
5164308,1260289,ok,0.9914726,destroyed
5174429,1302834,ok,0.9768834,destroyed
5171142,1302835,ok,0.98267937,destroyed
5167982,1185676,ok,0.9838214,destroyed
5154629,225684,ok,0.97131497,destroyed
5138702,480797,ok,0.9827549,destroyed
5165937,1190520,ok,0.9854269,destroyed
5156520,1230141,ok,0.966214,destroyed
5137065,903556,ok,0.9774139,destroyed
5128686,966393,ok,0.9889486,destroyed
5154482,1016116,ok,0.9887904,destroyed
5161004,1155363,ok,0.97663397,destroyed
5160384,1092157,ok,0.95906675,destroyed
5168811,1226742,ok,0.9886029,destroyed
5086791,789634,ok,0.9837114,destroyed
5146618,1116434,ok,0.96901065,destroyed
5161118,101371,ok,0.96428895,destroyed
5161935,1154053,ok,0.9829859,destroyed
5106074,52382,ok,0.9772613,destroyed
5162114,1200987,ok,0.96669436,destroyed
5169474,1185673,ok,0.98558426,destroyed
5163678,1226480,ok,0.9746923,destroyed
5155552,683532,ok,0.98937726,destroyed
5158029,1090301,ok,0.95923865,destroyed
5166206,1206864,ok,0.97618663,destroyed
5152011,1276472,ok,0.9878769,destroyed
5142929,918542,ok,0.9880662,destroyed
5049145,451306,ok,0.9768976,destroyed
5041861,338475,ok,0.97722685,destroyed
5169964,1270588,ok,0.9906741,destroyed
5169408,1270937,ok,0.99317235,destroyed
5104055,809958,ok,0.9892191,destroyed
5001812,274333,ok,0.9879419,destroyed
5111456,374206,ok,0.977827,destroyed
5006335,980030,ok,0.9760356,destroyed
5063934,252905,ok,0.9854209,destroyed
5143680,950709,ok,0.9815139,destroyed
5161501,1240041,ok,0.984709,destroyed
5091492,517291,ok,0.9505244,destroyed
5152826,637785,ok,0.95537204,destroyed
5107369,1297442,ok,0.9909928,destroyed
5164309,9928,ok,0.97434413,destroyed
5113284,10868,ok,0.98682237,destroyed
5107433,1110503,ok,0.9655815,destroyed
5165718,1191751,ok,0.9726281,destroyed
5157207,597629,ok,0.9637802,destroyed
5138886,900845,ok,0.9872873,destroyed
5142307,1272852,ok,0.99203956,destroyed
5156207,1157018,ok,0.97016406,destroyed
5160311,1245876,ok,0.9871862,destroyed
5154391,225757,ok,0.9887394,destroyed
5159636,1157459,ok,0.9834421,destroyed
5152174,458670,ok,0.9805695,destroyed
5037328,149857,ok,0.96551734,destroyed
5159439,1084327,ok,0.9721772,destroyed
5167548,1217510,ok,0.9707836,destroyed
5155899,1215638,ok,0.96824515,destroyed
5156352,683736,ok,0.9814332,destroyed
5033728,1228246,ok,0.9936894,destroyed
5163995,1205243,ok,0.98475873,destroyed
5153505,372009,ok,0.9939972,destroyed
5161388,1153813,ok,0.9696843,destroyed
5143956,918550,ok,0.98156756,destroyed
5089772,659499,ok,0.9721309,destroyed
5156935,1154982,ok,0.9884115,destroyed
5165852,1247177,ok,0.95245224,destroyed
5165703,1247830,ok,0.97587204,destroyed
5154036,367519,ok,0.98272216,destroyed
5155234,1072344,ok,0.9862201,destroyed
5154521,1056873,ok,0.9755888,destroyed
5159574,1115423,ok,0.98604685,destroyed
5154218,1155762,ok,0.96567774,destroyed
5108265,1231152,ok,0.9723617,destroyed
5057581,530531,ok,0.97620344,destroyed
5139047,892248,ok,0.98240936,destroyed
5153806,1064548,ok,0.97705483,destroyed
5063933,458536,ok,0.9776873,destroyed
5110004,1260163,ok,0.9841411,destroyed
5167240,1201453,ok,0.99686277,destroyed
5165940,1203178,ok,0.971872,destroyed
5161511,1155306,ok,0.9799012,destroyed
5164927,1262691,ok,0.9934841,destroyed
5153204,1250347,ok,0.97110903,destroyed
5165808,1185710,ok,0.98556966,destroyed
5145338,1211333,ok,0.9677222,destroyed
5154280,1239067,ok,0.96015114,destroyed
5027554,380318,ok,0.9760835,destroyed
5167556,1270147,ok,0.9851118,destroyed
5168110,1270550,ok,0.97691613,destroyed
5108264,548513,ok,0.9860626,destroyed
5158757,809122,ok,0.9961159,destroyed
5137561,908547,ok,0.95240253,destroyed
5163298,1222934,ok,0.97198343,destroyed
5080844,823412,ok,0.98038757,destroyed
5163033,1046931,ok,0.97190756,destroyed
5020950,289752,ok,0.9566638,destroyed
5153184,1095341,ok,0.958271,destroyed
5155144,289340,ok,0.99086666,destroyed
5168797,1239533,ok,0.9848209,destroyed
5009208,102997,ok,0.9700953,destroyed
5139022,883642,ok,0.98151404,destroyed
5118466,608568,ok,0.9696447,destroyed
5159743,1153704,ok,0.99176824,destroyed
5165529,1187372,ok,0.988432,destroyed
5143103,948082,ok,0.9607005,destroyed
5141405,907812,ok,0.9702013,destroyed
5167214,1276440,ok,0.9841107,destroyed
5141280,1306128,ok,0.951341,destroyed
5174468,1306175,ok,0.9912005,destroyed
5172237,1306176,ok,0.9684696,destroyed
5172052,1293363,ok,0.99430287,destroyed
5172049,1293211,ok,0.95488125,destroyed
5143973,931327,ok,0.9725729,destroyed
5126937,398864,ok,0.97582483,destroyed
5156980,1157477,ok,0.98158747,destroyed
5155463,741689,ok,0.9841292,destroyed
5166113,1214379,ok,0.9795576,destroyed
5160571,1234620,ok,0.9652094,destroyed
5156643,270556,ok,0.98133886,destroyed
5156776,1229952,ok,0.95940846,destroyed
5167242,1198869,ok,0.99111277,destroyed
5077600,772336,ok,0.9899332,destroyed
5070597,99607,ok,0.9619245,destroyed
5046295,578646,ok,0.98183525,destroyed
5165404,1251054,ok,0.9610617,destroyed
5169661,1187343,ok,0.9533312,destroyed
5140405,861893,ok,0.98442715,destroyed
5021195,782290,ok,0.99030405,destroyed
5154312,572015,ok,0.95049155,destroyed
5123940,524321,ok,0.9840381,destroyed
5162152,1227302,ok,0.9693592,destroyed
5164307,1260468,ok,0.9936052,destroyed
5154417,1154032,ok,0.969563,destroyed
5161918,774548,ok,0.9767635,destroyed
5164191,1194284,ok,0.9609532,destroyed
5154396,1044218,ok,0.994379,destroyed
5139283,885107,ok,0.98017293,destroyed
5161478,1242382,ok,0.95517224,destroyed
5153008,1215650,ok,0.9760853,destroyed
5166202,1225191,ok,0.9910472,destroyed
5139279,895376,ok,0.99044234,destroyed
5160467,1207397,ok,0.98479676,destroyed
5143826,942692,ok,0.9569578,destroyed
5163577,1216990,ok,0.98045015,destroyed
5169935,1187354,ok,0.9853731,destroyed
5168347,1161709,ok,0.9547746,destroyed
5137592,1270785,ok,0.95471793,destroyed
5136777,1186823,ok,0.9745867,destroyed
5154065,520234,ok,0.9895196,destroyed
5159512,1046021,ok,0.9560896,destroyed
5167466,1186583,ok,0.974725,destroyed
5155107,449481,ok,0.98609746,destroyed
5153413,1200550,ok,0.98719263,destroyed
5155180,789842,ok,0.9884198,destroyed
5164582,1301666,ok,0.9579415,destroyed
5114874,391630,ok,0.96955484,destroyed
5158383,545401,ok,0.9971302,destroyed
5140084,865967,ok,0.9715325,destroyed
5155354,986143,ok,0.9610448,destroyed
5163004,657702,ok,0.9723289,destroyed
5166121,1246539,ok,0.9853039,destroyed
5142393,967020,ok,0.98234046,destroyed
5167544,1185674,ok,0.96040297,destroyed
5151976,323744,ok,0.98921293,destroyed
5168703,1240344,ok,0.9817328,destroyed
5142341,934724,ok,0.98717463,destroyed
5166974,1270285,ok,0.97128505,destroyed
5027065,235575,ok,0.9891375,destroyed
5156280,365065,ok,0.9603202,destroyed
5169628,1214598,ok,0.9862557,destroyed
5164298,1260473,ok,0.9707153,destroyed
5799503,1286525,ok,0.95029956,destroyed
5799511,1286531,ok,0.9623901,destroyed
5116755,167205,ok,0.9858273,destroyed
5021127,655914,ok,0.96060497,destroyed
5163391,154716,ok,0.9573465,destroyed
5159638,1198029,ok,0.9763557,destroyed
5156988,1291319,ok,0.9885667,destroyed
5153015,1154128,ok,0.960524,destroyed
5167415,1186765,ok,0.98757523,destroyed
5167697,1196547,ok,0.98193455,destroyed
5795008,1270393,ok,0.9954425,destroyed
5113499,61699,ok,0.9853356,destroyed
5010425,710862,ok,0.9883725,destroyed
5167863,1234897,ok,0.975994,destroyed
5172096,1296480,ok,0.9773591,destroyed
5154657,729291,ok,0.95685065,destroyed
5164289,1260166,ok,0.9773132,destroyed
5164302,1260225,ok,0.9666086,destroyed
5164296,1260227,ok,0.9763613,destroyed
5169269,1081464,ok,0.99259675,destroyed
5168189,1154275,ok,0.9812928,destroyed
5158151,1008622,ok,0.9955486,destroyed
5168358,1240557,ok,0.96817464,destroyed
5170442,1288094,ok,0.98575264,destroyed
5056730,778362,ok,0.97492427,destroyed
5137656,881248,ok,0.98564523,destroyed
5107107,109806,ok,0.9727209,destroyed
5157010,494852,ok,0.9691957,destroyed
5168511,1194583,ok,0.95780617,destroyed
5158185,164385,ok,0.9904269,destroyed
5169940,1210934,ok,0.9906906,destroyed
5167703,1245536,ok,0.9771237,destroyed
5161608,1160464,ok,0.98133284,destroyed
5143339,971174,ok,0.9556657,destroyed
5153947,168139,ok,0.96751976,destroyed
5157258,1161126,ok,0.9877985,destroyed
5168222,1245088,ok,0.9835413,destroyed
5168270,1208470,ok,0.990399,destroyed
5105589,214712,ok,0.977276,destroyed
5152336,133557,ok,0.96092564,destroyed
5050506,245675,ok,0.97922426,destroyed
5140555,524053,ok,0.982169,destroyed
5138783,858160,ok,0.98494,destroyed
5167970,1270099,ok,0.96883327,destroyed
5161899,1158744,ok,0.9859272,destroyed
5105631,512725,ok,0.9510103,destroyed
5154394,1070472,ok,0.99384177,destroyed
5107079,466250,ok,0.9890076,destroyed
5163466,343252,ok,0.9816539,destroyed
5106641,47092,ok,0.96273494,destroyed
5154390,39437,ok,0.9962624,destroyed
5141217,865506,ok,0.95169663,destroyed
5082278,118966,ok,0.9925587,destroyed
5013733,65328,ok,0.9560591,destroyed
5165916,1191818,ok,0.98945236,destroyed
5169748,1208883,ok,0.98614013,destroyed
5107084,203374,ok,0.9754675,destroyed
5057578,513799,ok,0.97882813,destroyed
5112428,1232267,ok,0.98513734,destroyed
5167563,1251266,ok,0.9770254,destroyed
5168815,1186283,ok,0.9780458,destroyed
5167499,1187706,ok,0.9558726,destroyed
5167349,1187164,ok,0.97570497,destroyed
5168835,1270263,ok,0.9850826,destroyed
5155521,556012,ok,0.9872366,destroyed
5167945,1214641,ok,0.98033834,destroyed
5139028,867270,ok,0.9774162,destroyed
5141354,940841,ok,0.97998637,destroyed
5143864,976398,ok,0.96862936,destroyed
5168869,685860,ok,0.9899796,destroyed
5023206,337330,ok,0.95355964,destroyed
5026639,458358,ok,0.9638141,destroyed
5138990,965663,ok,0.98231655,destroyed
5108945,1293248,ok,0.9662194,destroyed
5073300,517589,ok,0.982967,destroyed
5168088,1234704,ok,0.9911039,destroyed
5165885,1185590,ok,0.9922916,destroyed
5137725,858627,ok,0.9806253,destroyed
5799517,1286535,ok,0.986326,destroyed
5167239,1187272,ok,0.99329984,destroyed
5125257,488693,ok,0.9836361,destroyed
5165612,1192702,ok,0.9855187,destroyed
5156030,1013653,ok,0.98534113,destroyed
5167822,1187813,ok,0.9675444,destroyed
5167322,1187539,ok,0.95775366,destroyed
5167742,1217067,ok,0.95151234,destroyed
5154006,1219645,ok,0.9673752,destroyed
5163673,566146,ok,0.99196285,destroyed
5163499,1259489,ok,0.9720044,destroyed
5143728,935531,ok,0.95731896,destroyed
5165928,1191820,ok,0.9800898,destroyed
5155484,638558,ok,0.98734015,destroyed
5167244,1221259,ok,0.99217093,destroyed
5168813,1214363,ok,0.9955439,destroyed
5169999,1270704,ok,0.98734456,destroyed
5169932,1270530,ok,0.9864553,destroyed
5168266,478220,ok,0.98713195,destroyed
5139112,466073,ok,0.9881016,destroyed
5083345,296219,ok,0.9775695,destroyed
5138554,1243499,ok,0.9631609,destroyed
5106884,1116538,ok,0.96953535,destroyed
5143361,84711,ok,0.97252786,destroyed
5068689,238351,ok,0.97000015,destroyed
5172187,1302567,ok,0.9812509,destroyed
5048508,418626,ok,0.95564777,destroyed
5159865,480967,ok,0.97465557,destroyed
5155310,1207594,ok,0.9537833,destroyed
5160187,1244628,ok,0.95766544,destroyed
5152385,1242360,ok,0.96674526,destroyed
5056968,398158,ok,0.9765049,destroyed
5153379,1217634,ok,0.97922224,destroyed
5026675,907214,ok,0.9756354,destroyed
5141263,870354,ok,0.9732001,destroyed
5163890,1156044,ok,0.9607532,destroyed
5154395,195600,ok,0.9935962,destroyed
5155517,164218,ok,0.9869285,destroyed
5162427,867438,ok,0.9731214,destroyed
5000832,463916,ok,0.9768933,destroyed
5154041,713140,ok,0.9513708,destroyed
5153544,569185,ok,0.9929467,destroyed
5151678,1207970,ok,0.980738,destroyed
5799506,1286527,ok,0.9837493,destroyed
5131928,965883,ok,0.9918326,destroyed
5162065,1217000,ok,0.95511293,destroyed
5000427,20185,ok,0.9859117,destroyed
5166116,1246338,ok,0.9744634,destroyed
5165514,1193402,ok,0.9686674,destroyed
5153429,640868,ok,0.9780367,destroyed
5145157,976016,ok,0.98751545,destroyed
5136370,973189,ok,0.96836823,destroyed
5168008,1196948,ok,0.9629268,destroyed
5141386,1214430,ok,0.9819885,destroyed
5151681,1294432,ok,0.9908112,destroyed
5167236,1242237,ok,0.98692024,destroyed
5165393,1215699,ok,0.97654027,destroyed
5138313,912357,ok,0.98066336,destroyed
5168606,1270316,ok,0.9809089,destroyed
5142275,107829,ok,0.9750073,destroyed
5042184,639893,ok,0.9501697,destroyed
5023950,451193,ok,0.9894727,destroyed
5156540,136191,ok,0.96466386,destroyed
5156883,1153244,ok,0.979878,destroyed
5168798,1186712,ok,0.9852483,destroyed
5162015,475360,ok,0.97590536,destroyed
5093231,741896,ok,0.98296195,destroyed
5151761,794241,ok,0.9838758,destroyed
5107486,7545,ok,0.99325293,destroyed
5165601,1236214,ok,0.95357424,destroyed
5159779,1115750,ok,0.9594852,destroyed
5155032,137830,ok,0.97117,destroyed
5159363,1036445,ok,0.9703236,destroyed
5126704,399596,ok,0.9847238,destroyed
5167346,1194574,ok,0.9825859,destroyed
5165499,1248470,ok,0.9730364,destroyed
5153545,1161633,ok,0.9903734,destroyed
5169479,1246136,ok,0.9878562,destroyed
5168498,1270875,ok,0.96582276,destroyed
5154916,431506,ok,0.98733354,destroyed
5169919,1217508,ok,0.98301536,destroyed
5156236,1047746,ok,0.992667,destroyed
5162600,1157228,ok,0.95348215,destroyed
5155376,1212858,ok,0.9736829,destroyed
5142274,959051,ok,0.9763901,destroyed
5143223,931164,ok,0.9880442,destroyed
5168794,1197555,ok,0.97536474,destroyed
5160360,1219338,ok,0.9510673,destroyed
5160283,1025058,ok,0.9871361,destroyed
5168817,1200312,ok,0.97741723,destroyed
5158042,1236717,ok,0.97947365,destroyed
5139657,1300981,ok,0.96831334,destroyed
5169393,1300983,ok,0.96991134,destroyed
5082688,486195,ok,0.99011266,destroyed
5159576,868225,ok,0.9709778,destroyed
5152010,1231030,ok,0.9858714,destroyed
5151979,420761,ok,0.96221495,destroyed
5168594,1208885,ok,0.9563725,destroyed
5154459,1160082,ok,0.9747172,destroyed
5153428,796189,ok,0.9878719,destroyed
5163581,1154355,ok,0.95093894,destroyed
5168830,1187289,ok,0.98124987,destroyed
5167478,1208224,ok,0.9849606,destroyed
5151713,959198,ok,0.9899149,destroyed
5161910,1245685,ok,0.97677916,destroyed
5165896,1244720,ok,0.9834065,destroyed
5157298,660319,ok,0.9805947,destroyed
5162666,1258237,ok,0.98661983,destroyed
5143592,979418,ok,0.9849851,destroyed
5083992,492492,ok,0.9821546,destroyed
5168098,1270543,ok,0.9836902,destroyed
5125874,153727,ok,0.99141073,destroyed
5139612,531994,ok,0.98748475,destroyed
5143722,955051,ok,0.95386344,destroyed
5165489,1205931,ok,0.96919304,destroyed
5116997,779531,ok,0.95348984,destroyed
5172218,1303572,ok,0.9699081,destroyed
5177115,1303645,ok,0.95246005,destroyed
5166189,1185611,ok,0.97852784,destroyed
5056016,611341,ok,0.9863853,destroyed
5140671,884706,ok,0.95443505,destroyed
5015844,172543,ok,0.985482,destroyed
5163685,290255,ok,0.9619714,destroyed
5155267,806785,ok,0.98771983,destroyed
5138304,969626,ok,0.9741644,destroyed
5168885,1292898,ok,0.98033136,destroyed
5167569,1231397,ok,0.9776119,destroyed
5144917,959306,ok,0.9749507,destroyed
5155516,1069594,ok,0.9650293,destroyed
5168871,1185547,ok,0.97148895,destroyed
5153143,1227762,ok,0.99371946,destroyed
5142702,950722,ok,0.9594878,destroyed
5152904,36295,ok,0.9811715,destroyed
5165848,1205317,ok,0.959595,destroyed
5014552,56414,ok,0.9613479,destroyed
5169712,1240348,ok,0.9938998,destroyed
5159755,1203319,ok,0.9857357,destroyed
5141141,866048,ok,0.9595845,destroyed
5165351,1249663,ok,0.97407,destroyed
5167492,1249089,ok,0.9627986,destroyed
5159504,1012218,ok,0.9678437,destroyed
5138772,965620,ok,0.9605874,destroyed
5142484,1225501,ok,0.9876594,destroyed
5156274,1210467,ok,0.9733893,destroyed
5051773,405699,ok,0.9588223,destroyed
5165825,1220982,ok,0.98009765,destroyed
5013330,188526,ok,0.9625655,destroyed
5153180,1252443,ok,0.9615433,destroyed
5167213,1270946,ok,0.9845596,destroyed
5153001,1236318,ok,0.9544445,destroyed
5143994,935533,ok,0.9848061,destroyed
5136334,893649,ok,0.9781569,destroyed
5016261,267653,ok,0.95606655,destroyed
5166087,1228041,ok,0.9771196,destroyed
5141362,945235,ok,0.9776928,destroyed
5169912,1196959,ok,0.9880195,destroyed
5153487,1160935,ok,0.9594768,destroyed
5161793,1153615,ok,0.98269135,destroyed
5161534,1160532,ok,0.960206,destroyed
5164288,819305,ok,0.9591252,destroyed
5168543,1185607,ok,0.9869409,destroyed
5057084,1243007,ok,0.9694382,destroyed
5168762,1216877,ok,0.9835782,destroyed
5168438,1221101,ok,0.9746105,destroyed
5155244,1017290,ok,0.978843,destroyed
5170216,1301763,ok,0.9729392,destroyed
5171145,1302836,ok,0.9837589,destroyed
5160004,1158216,ok,0.9721786,destroyed
5137369,878885,ok,0.9577461,destroyed
5165394,1244907,ok,0.9781376,destroyed
5153953,1086124,ok,0.97746265,destroyed
5156939,1158393,ok,0.9833671,destroyed
5155352,986232,ok,0.95360094,destroyed
5137755,855484,ok,0.96901166,destroyed
5155382,227449,ok,0.99380845,destroyed
5168653,1223442,ok,0.97164583,destroyed
5144182,938413,ok,0.982239,destroyed
5157321,538148,ok,0.99265516,destroyed
5159852,105721,ok,0.982682,destroyed
5169926,1242623,ok,0.9871256,destroyed
5137883,899607,ok,0.97549075,destroyed
5177004,1306433,ok,0.96890867,destroyed
5166800,1306669,ok,0.9773046,destroyed
5155518,782026,ok,0.9901832,destroyed
5156199,1157718,ok,0.9881539,destroyed
5150961,550205,ok,0.9888016,destroyed
5107660,284573,ok,0.991336,destroyed
5169627,1186502,ok,0.9909039,destroyed
5168365,1203102,ok,0.97594315,destroyed
5073050,359982,ok,0.96566343,destroyed
5168221,1199050,ok,0.9697716,destroyed
5106846,202818,ok,0.99608105,destroyed
5103997,669863,ok,0.9947001,destroyed
5106798,262020,ok,0.9775032,destroyed
5167237,1186715,ok,0.99207276,destroyed
5109738,234280,ok,0.9741943,destroyed
5169947,1185680,ok,0.9852909,destroyed
5156891,1054638,ok,0.98381966,destroyed
5154387,1006988,ok,0.9954462,destroyed
5154909,88023,ok,0.98805434,destroyed
5162032,1154109,ok,0.9591716,destroyed
5169719,1223440,ok,0.9846993,destroyed
5142591,962426,ok,0.9852651,destroyed
5158152,1010095,ok,0.9920774,destroyed
5167234,1186717,ok,0.9936999,destroyed
5168861,126607,ok,0.9958579,destroyed
5163152,1236339,ok,0.98045063,destroyed
5144879,356559,ok,0.9633543,destroyed
5143856,1186688,ok,0.97677416,destroyed
5151533,638795,ok,0.98426914,destroyed
5144490,974900,ok,0.98051125,destroyed
5155844,1234621,ok,0.97334176,destroyed
5165982,1220994,ok,0.9594177,destroyed
5110305,402890,ok,0.9759435,destroyed
5152832,1154284,ok,0.9799145,destroyed
5159551,1156545,ok,0.97467774,destroyed
5141596,880276,ok,0.9873998,destroyed
5154398,1032714,ok,0.9936294,destroyed
5163462,73766,ok,0.9936633,destroyed
5153280,1187291,ok,0.9847845,destroyed
5145542,946279,ok,0.9758245,destroyed
5165315,1215354,ok,0.9594912,destroyed
5168891,1242831,ok,0.9884625,destroyed
5171843,1300460,ok,0.9505579,destroyed
5169705,1202974,ok,0.9803929,destroyed
5155992,1093332,ok,0.96516144,destroyed
5169601,1203601,ok,0.9795065,destroyed
5164303,1260226,ok,0.9506791,destroyed
5154772,730876,ok,0.9866905,destroyed
5159502,1070633,ok,0.9614035,destroyed
5167913,1232488,ok,0.9786103,destroyed
5022897,1115652,ok,0.97709787,destroyed
5142481,979175,ok,0.95730114,destroyed
5028263,816092,ok,0.99292666,destroyed
5160159,1249205,ok,0.9681399,destroyed
5163477,734375,ok,0.96957505,destroyed
5125489,406028,ok,0.9611638,destroyed
5136665,890700,ok,0.97373295,destroyed
5169934,1200151,ok,0.99110913,destroyed
5167116,1264503,ok,0.97834283,destroyed
5162540,1234624,ok,0.9738144,destroyed
5167152,1270809,ok,0.9889415,destroyed
5168097,1270542,ok,0.99007154,destroyed
5168476,1270882,ok,0.97359854,destroyed
5144609,1200152,ok,0.9773631,destroyed
5054227,141986,ok,0.9738767,destroyed
5165990,1233436,ok,0.98044807,destroyed
5023699,962245,ok,0.95945585,destroyed
5017088,962222,ok,0.98816174,destroyed
5136666,906096,ok,0.97167104,destroyed
5153765,1160777,ok,0.98751056,destroyed
5166982,1270251,ok,0.95054424,destroyed
5153755,1270237,ok,0.95920366,destroyed
5107894,437312,ok,0.9808514,destroyed
5152193,1204288,ok,0.9503317,destroyed
5138354,299587,ok,0.9922787,destroyed
5105590,386319,ok,0.9771528,destroyed
5167075,1276438,ok,0.9858175,destroyed
5088592,400016,ok,0.9846355,destroyed
5156977,1244278,ok,0.977816,destroyed
5144885,951458,ok,0.9817587,destroyed
5127278,1223425,ok,0.97976273,destroyed
5167243,1243762,ok,0.9694491,destroyed
5140821,874454,ok,0.95669335,destroyed
5163463,181464,ok,0.98117197,destroyed
5167204,1248044,ok,0.9924688,destroyed
5157678,121984,ok,0.96884423,destroyed
5159954,1046129,ok,0.99056834,destroyed
5163111,1194488,ok,0.9834019,destroyed
5161103,1161696,ok,0.9755726,destroyed
5168161,1221045,ok,0.9621144,destroyed
5136857,1159149,ok,0.98553383,destroyed
5107108,685369,ok,0.9793522,destroyed
5086715,179520,ok,0.9880541,destroyed
5153062,1239242,ok,0.97978026,destroyed
5169444,1240300,ok,0.97185725,destroyed
5045003,303914,ok,0.9851922,destroyed
5136739,1224158,ok,0.9747307,destroyed
5153681,178129,ok,0.96204036,destroyed
5159797,675617,ok,0.9973896,destroyed
5154288,1243327,ok,0.97168726,destroyed
5142655,643610,ok,0.98762614,destroyed
5156934,1155144,ok,0.98198605,destroyed
5153314,1202906,ok,0.97638035,destroyed
5089303,852510,ok,0.9904655,destroyed
5138765,1210485,ok,0.98086506,destroyed
5138836,872152,ok,0.97811604,destroyed
5165922,1239532,ok,0.9825714,destroyed
5165851,1199461,ok,0.9899622,destroyed
5152686,1242359,ok,0.9784661,destroyed
5137861,976863,ok,0.95319676,destroyed
5168102,1270528,ok,0.9886996,destroyed
5155265,101527,ok,0.9935993,destroyed
5164031,1218525,ok,0.9510601,destroyed
5109853,72368,ok,0.9694699,destroyed
5167421,1187637,ok,0.9714607,destroyed
5168407,1212704,ok,0.9519357,destroyed
5023332,50892,ok,0.99330324,destroyed
5136221,874610,ok,0.9575313,destroyed
5136877,916319,ok,0.9721167,destroyed
5168912,1301567,ok,0.96094227,destroyed
5172185,1302566,ok,0.9809014,destroyed
5166154,1302708,ok,0.9668871,destroyed
5108263,1157816,ok,0.9620463,destroyed
5141667,864816,ok,0.953891,destroyed
5127013,687097,ok,0.97057694,destroyed
5161377,1227785,ok,0.9587073,destroyed
5161908,1200999,ok,0.9841936,destroyed
5154392,1078432,ok,0.98926204,destroyed
5167472,1185567,ok,0.9819271,destroyed
5045189,44730,ok,0.9718338,destroyed
5157173,1157705,ok,0.98157483,destroyed
5159847,1212380,ok,0.99204105,destroyed
5159571,1160475,ok,0.99026066,destroyed
5155481,475114,ok,0.9814431,destroyed
5169936,1187908,ok,0.9850493,destroyed
5154518,284271,ok,0.9813526,destroyed
5000072,85223,ok,0.98570096,destroyed
5000235,364858,ok,0.98331845,destroyed
5000007,696704,ok,0.9724577,destroyed
5006036,265611,ok,0.95727354,destroyed
5106063,362766,ok,0.9720844,destroyed
5158216,1079733,ok,0.9931866,destroyed
5143198,967799,ok,0.98253363,destroyed
5021191,41301,ok,0.96685547,destroyed
5155842,1153266,ok,0.97633344,destroyed
5164290,1260498,ok,0.96485883,destroyed
5167007,1276468,ok,0.97308266,destroyed
5167074,1270636,ok,0.9887057,destroyed
5168974,1221085,ok,0.9552027,destroyed
5145102,947299,ok,0.9548457,destroyed
5155384,338895,ok,0.9856742,destroyed
5166669,1186170,ok,0.9849858,destroyed
5153412,1235572,ok,0.99141055,destroyed
5145149,1256449,ok,0.965203,destroyed
5083547,1297042,ok,0.9842328,destroyed
5158445,1297614,ok,0.99678814,destroyed
5164314,1260287,ok,0.9752602,destroyed
5161020,572976,ok,0.9534893,destroyed
5163453,1095104,ok,0.99277747,destroyed
5108458,780455,ok,0.98612624,destroyed
5138071,916752,ok,0.9889858,destroyed
5144956,971822,ok,0.97823757,destroyed
5157319,187705,ok,0.99289703,destroyed
5154936,1273231,ok,0.96599126,destroyed
5169268,1194571,ok,0.9863485,destroyed
5136323,895408,ok,0.9693879,destroyed
5165988,1190528,ok,0.9702974,destroyed
5136237,881420,ok,0.9548669,destroyed
5153540,505846,ok,0.9871416,destroyed
5140979,882982,ok,0.9796666,destroyed
5059198,709511,ok,0.985195,destroyed
5113133,731859,ok,0.95498234,destroyed
5156936,111047,ok,0.9940527,destroyed
5153116,1208386,ok,0.96534747,destroyed
5145393,954440,ok,0.9884525,destroyed
5144161,926687,ok,0.9718589,destroyed
5157914,1241236,ok,0.9789442,destroyed
5168975,1224637,ok,0.98717934,destroyed
5045468,545885,ok,0.9882129,destroyed
5168828,1211882,ok,0.98947996,destroyed
5161294,1157719,ok,0.9778792,destroyed
5143939,976206,ok,0.95988095,destroyed
5156198,1229972,ok,0.9793937,destroyed
5083088,12446,ok,0.9820477,destroyed
5138724,67041,ok,0.9874879,destroyed
5167968,1270165,ok,0.98181725,destroyed
5168101,1270073,ok,0.9720723,destroyed
5155253,1027822,ok,0.9584549,destroyed
5143148,955360,ok,0.97785574,destroyed
5137910,907258,ok,0.97824997,destroyed
5169708,1208476,ok,0.96603084,destroyed
5143437,959185,ok,0.9774695,destroyed
5167835,1185865,ok,0.969425,destroyed
5140795,882420,ok,0.9729715,destroyed
5167212,919867,ok,0.9704589,destroyed
5073201,623153,ok,0.9924489,destroyed
5157858,1153137,ok,0.9911807,destroyed
5159917,1160078,ok,0.96288234,destroyed
5137634,897420,ok,0.9833577,destroyed
5162125,1160093,ok,0.97065544,destroyed
5163122,403733,ok,0.9814237,destroyed
5155202,1247322,ok,0.9555869,destroyed
5166097,1270371,ok,0.9809365,destroyed
5105847,354435,ok,0.96020484,destroyed
5154397,573726,ok,0.9875351,destroyed
5160634,1154405,ok,0.9814928,destroyed
5174469,1306174,ok,0.98780257,destroyed
5171936,1288713,ok,0.9798823,destroyed
5074020,272392,ok,0.989277,destroyed
5141603,913955,ok,0.9702756,destroyed
5108917,1057091,ok,0.9572271,destroyed
5138307,875458,ok,0.985509,destroyed
5157349,1082984,ok,0.98116606,destroyed
5167077,1221164,ok,0.97995466,destroyed
5167573,1185869,ok,0.95455986,destroyed
5137912,972497,ok,0.9855155,destroyed
5138929,904999,ok,0.985614,destroyed
5169019,751692,ok,0.9925857,destroyed
5053458,218806,ok,0.96922797,destroyed
5000208,363022,ok,0.98937255,destroyed
5124228,264865,ok,0.9835028,destroyed
5107112,188950,ok,0.9779919,destroyed
5155550,1157122,ok,0.99115914,destroyed
5156260,1155691,ok,0.98245025,destroyed
5167613,1186103,ok,0.95048034,destroyed
5154908,658923,ok,0.98634726,destroyed
5156957,1231996,ok,0.95451653,destroyed
5131929,985453,ok,0.99154633,destroyed
5157862,1187466,ok,0.97654414,destroyed
5159802,1091276,ok,0.9889093,destroyed
5142333,917887,ok,0.9674838,destroyed
5017901,78243,ok,0.98665977,destroyed
5084144,532528,ok,0.98976326,destroyed
5127497,6887,ok,0.9581977,destroyed
5165508,1227656,ok,0.9831413,destroyed
5161925,1255265,ok,0.9652178,destroyed
5138678,1161631,ok,0.97724926,destroyed
5159798,1187285,ok,0.9930841,destroyed
5168995,1270938,ok,0.98478436,destroyed
5162930,1222269,ok,0.98748755,destroyed
5154481,343237,ok,0.983306,destroyed
5157320,269243,ok,0.989129,destroyed
5163200,1237495,ok,0.96795446,destroyed
5154389,6743,ok,0.99428695,destroyed
5151980,320181,ok,0.9918045,destroyed
5154658,440953,ok,0.9775803,destroyed
5137178,1198682,ok,0.97497946,destroyed
5172189,1302380,ok,0.9843961,destroyed
5143659,955054,ok,0.98542744,destroyed
5153087,1200854,ok,0.96929944,destroyed
5105119,202638,ok,0.9884179,destroyed
5153088,621630,ok,0.9634398,destroyed
5050520,824771,ok,0.98153955,destroyed
5114843,1246446,ok,0.9658771,destroyed
5165633,1231395,ok,0.97544515,destroyed
5156187,1156440,ok,0.9782894,destroyed
5104271,801916,ok,0.9788928,destroyed
5138629,976886,ok,0.9550778,destroyed
5156181,497183,ok,0.96692663,destroyed
5155381,226758,ok,0.99446183,destroyed
5054215,115139,ok,0.9544306,destroyed
5170287,1287940,ok,0.9686298,destroyed
5152847,1247954,ok,0.97676724,destroyed
5161618,685736,ok,0.99061674,destroyed
5138478,1207469,ok,0.9615725,destroyed
5154080,1233159,ok,0.98194766,destroyed
5167241,1215031,ok,0.9938339,destroyed
5160054,1153618,ok,0.9860093,destroyed
5163452,1009705,ok,0.9907189,destroyed
5157455,1193895,ok,0.9863957,destroyed
5142719,971462,ok,0.9862092,destroyed
5151975,1096052,ok,0.9904715,destroyed
5163641,1154338,ok,0.96497893,destroyed
5000195,366710,ok,0.98276883,destroyed
5152009,554629,ok,0.99454206,destroyed
5116754,88596,ok,0.976996,destroyed
5139078,587033,ok,0.9811926,destroyed
5155554,712958,ok,0.9911754,destroyed
5149032,1083220,ok,0.98477364,destroyed
5167802,1188167,ok,0.95509696,destroyed
5153275,253669,ok,0.96836156,destroyed
5156412,1219644,ok,0.98757976,destroyed
5000205,156800,ok,0.987591,destroyed
5107035,392682,ok,0.9528124,destroyed
5107268,63747,ok,0.96056616,destroyed
5155109,44071,ok,0.9769108,destroyed
5141617,854583,ok,0.98648816,destroyed
5168125,1186623,ok,0.9513085,destroyed
5165781,1220983,ok,0.9569673,destroyed
5101189,1043480,ok,0.9695127,destroyed
5114646,1244825,ok,0.98096174,destroyed
5106816,768602,ok,0.98112595,destroyed
5152657,1159889,ok,0.97878796,destroyed
5153317,937767,ok,0.98971283,destroyed
5014069,244786,ok,0.95827633,destroyed
5144017,1186785,ok,0.96765524,destroyed
5113266,1020005,ok,0.9864346,destroyed
5157467,985390,ok,0.9776689,destroyed
5156146,1196473,ok,0.9718094,destroyed
5165307,1185722,ok,0.9838238,destroyed
5157109,1210884,ok,0.99144614,destroyed
5168991,1186005,ok,0.96975493,destroyed
5159710,175756,ok,0.97438556,destroyed
5156478,1157246,ok,0.9775915,destroyed
5029407,408495,ok,0.9872185,destroyed
5163227,1017567,ok,0.9891558,destroyed
5167358,1186090,ok,0.9532291,destroyed
5138337,884875,ok,0.9904721,destroyed
5165619,1217276,ok,0.9851664,destroyed
5162905,1246904,ok,0.97079974,destroyed
5145560,923762,ok,0.9842829,destroyed
5172220,1303746,ok,0.98713255,destroyed
5162910,1201520,ok,0.980496,destroyed
5159777,1232204,ok,0.9715839,destroyed
5159983,1159897,ok,0.9898302,destroyed
5000413,398918,ok,0.95206124,destroyed
5005406,1250093,ok,0.9801209,destroyed
5167276,1253712,ok,0.98836565,destroyed
5168833,1270262,ok,0.990243,destroyed
5167001,1270372,ok,0.9887284,destroyed
5155035,123090,ok,0.97840273,destroyed
5165657,1202979,ok,0.96718454,destroyed
5013662,770400,ok,0.97611505,destroyed
5161021,1235596,ok,0.97730803,destroyed
5138246,952458,ok,0.97744066,destroyed
5163301,1236519,ok,0.9825491,destroyed
5161702,1306123,ok,0.9709452,destroyed
5168790,1084858,ok,0.9565638,destroyed
5141706,12677,ok,0.9738566,destroyed
5167781,1253695,ok,0.9615324,destroyed
5144153,958595,ok,0.97358996,destroyed
5169255,1200002,ok,0.9705518,destroyed
5153930,1086358,ok,0.98769045,destroyed
5161299,1157543,ok,0.9767734,destroyed
5167173,1242251,ok,0.99062026,destroyed
5167543,1221099,ok,0.98156893,destroyed
5023703,674010,ok,0.9918691,destroyed
5168796,1186713,ok,0.98679554,destroyed
5171236,1287516,ok,0.9752168,destroyed
5138222,969117,ok,0.97501445,destroyed
5168759,1225971,ok,0.98109037,destroyed
5155461,58085,ok,0.9965951,destroyed
5153033,1206443,ok,0.96817535,destroyed
5168292,1187254,ok,0.97552705,destroyed
5037167,99561,ok,0.9892763,destroyed
5106789,29733,ok,0.95427436,destroyed
5167235,1215030,ok,0.9794377,destroyed
5153058,1240484,ok,0.95685923,destroyed
5167233,1188699,ok,0.97367215,destroyed
5054566,153752,ok,0.98289984,destroyed
5004577,392047,ok,0.9648438,destroyed
5165437,1187364,ok,0.9800525,destroyed
5167304,1270834,ok,0.96947247,destroyed
5168888,1270200,ok,0.97066855,destroyed
5162431,1259660,ok,0.98294365,destroyed
5168775,1196969,ok,0.960276,destroyed
5162110,1156474,ok,0.9713604,destroyed
5170954,1292933,ok,0.9714054,destroyed
5172088,1295367,ok,0.98224753,destroyed
5140888,885428,ok,0.9646264,destroyed
5168996,1270939,ok,0.9894789,destroyed
5165935,1270941,ok,0.9929007,destroyed
5169945,1270532,ok,0.9842473,destroyed
5163454,500264,ok,0.9934181,destroyed
5167238,1186716,ok,0.9907878,destroyed
5165453,1206870,ok,0.9875065,destroyed
5167340,1228234,ok,0.9739454,destroyed
5176637,1301496,ok,0.97513026,destroyed
5166193,1185579,ok,0.9724855,destroyed
5141381,769300,ok,0.97574866,destroyed
5159957,1249857,ok,0.95315266,destroyed
5143308,344794,ok,0.9917665,destroyed
5169757,1186480,ok,0.9603657,destroyed
5036687,51710,ok,0.9884291,destroyed
5156341,1154023,ok,0.9819594,destroyed
5141647,920779,ok,0.9899682,destroyed
5107126,1039441,ok,0.95494455,destroyed
5136661,886307,ok,0.9827284,destroyed
5042304,601333,ok,0.9540227,destroyed
5144117,669638,ok,0.9831246,destroyed
5021839,297396,ok,0.97888124,destroyed
5799504,1286526,ok,0.9718255,destroyed
5138325,463450,ok,0.97309893,destroyed
5167374,1196549,ok,0.9547026,destroyed
5169409,1185656,ok,0.97169477,destroyed
5136824,414995,ok,0.9514611,destroyed
5159787,1216245,ok,0.9763837,destroyed
5107308,1251209,ok,0.99188906,destroyed
5055181,376045,ok,0.98957586,destroyed
5155146,57262,ok,0.99252945,destroyed
5063831,1247984,ok,0.9851147,destroyed
5155181,248020,ok,0.9845226,destroyed
5042887,526175,ok,0.9735204,destroyed
