"BIN","DOITT_ID","status","probability","label"
"5165271","1229471","ok","0.9862233","destroyed"
"5167245","1198870","ok","0.9915775","destroyed"
"5170191","1186919","ok","0.9513769","destroyed"
"5168112","1223022","ok","0.96710044","destroyed"
"5151992","1098153","ok","0.98691297","destroyed"
"5168152","1186075","ok","0.9525101","destroyed"
"5136818","977267","ok","0.9883094","destroyed"
"5155101","551835","ok","0.9726155","destroyed"
"5130069","1017820","ok","0.95869565","destroyed"
"5154096","1217438","ok","0.9737154","destroyed"
"5026019","805538","ok","0.9911793","destroyed"
"5169379","1187284","ok","0.9666118","destroyed"
"5160599","539352","ok","0.9807571","destroyed"
"5156611","1161113","ok","0.99124616","destroyed"
"5138787","965154","ok","0.97448355","destroyed"
"5105071","545765","ok","0.9873648","destroyed"
"5163224","1217002","ok","0.97767305","destroyed"
"5167901","1229484","ok","0.9864253","destroyed"
"5138035","953033","ok","0.9830163","destroyed"
"5165575","1233250","ok","0.9519511","destroyed"
"5165843","1246588","ok","0.9587682","destroyed"
"5158227","1194282","ok","0.9658703","destroyed"
"5169933","1187348","ok","0.99577063","destroyed"
"5152428","1218201","ok","0.987177","destroyed"
"5138194","856218","ok","0.97767705","destroyed"
"5005652","698016","ok","0.98219496","destroyed"
"5167065","1270747","ok","0.9885223","destroyed"
"5141379","879440","ok","0.98349047","destroyed"
"5063931","504090","ok","0.9935074","destroyed"
"5160523","1240499","ok","0.97469145","destroyed"
"5175058","1304127","ok","0.9877648","destroyed"
"5176296","1304167","ok","0.9901787","destroyed"
"5145492","931269","ok","0.97510344","destroyed"
"5168702","959175","ok","0.9877796","destroyed"
"5163835","400610","ok","0.97877926","destroyed"
"5140226","912363","ok","0.97330195","destroyed"
"5139860","800331","ok","0.9511034","destroyed"
"5136746","960805","ok","0.978733","destroyed"
"5161830","35242","ok","0.9768107","destroyed"
"5156168","690592","ok","0.9890353","destroyed"
"5161136","1205061","ok","0.9652795","destroyed"
"5137631","936831","ok","0.9890838","destroyed"
"5162706","830710","ok","0.9546341","destroyed"
"5143482","955498","ok","0.953313","destroyed"
"5176030","1304924","ok","0.98136824","destroyed"
"5175991","1305142","ok","0.9934354","destroyed"
"5176002","1305145","ok","0.99294174","destroyed"
"5176010","1305148","ok","0.9952619","destroyed"
"5148249","1305433","ok","0.9890882","destroyed"
"5176966","1306051","ok","0.9738913","destroyed"
"5176306","1306253","ok","0.99365705","destroyed"
"5144336","1229487","ok","0.96748847","destroyed"
"5136642","884919","ok","0.9832103","destroyed"
"5142546","975026","ok","0.9889714","destroyed"
"5023693","1032740","ok","0.9651105","destroyed"
"5154393","1062612","ok","0.98814","destroyed"
"5158153","1017106","ok","0.9898211","destroyed"
"5165803","1191819","ok","0.9728152","destroyed"
"5154530","15506","ok","0.96713257","destroyed"
"5159499","1091241","ok","0.9796616","destroyed"
"5143870","934530","ok","0.98034877","destroyed"
"5165567","1187475","ok","0.96965605","destroyed"
"5138889","1270661","ok","0.9836414","destroyed"
"5141346","961055","ok","0.97261244","destroyed"
"5137911","914598","ok","0.9660845","destroyed"
"5169054","1270950","ok","0.9904422","destroyed"
"5113368","234823","ok","0.975198","destroyed"
"5106896","1294597","ok","0.96607244","destroyed"
"5167687","1270414","ok","0.9532706","destroyed"
"5169704","1270859","ok","0.99265397","destroyed"
"5169946","1270533","ok","0.9726511","destroyed"
"5165551","1224209","ok","0.96804106","destroyed"
"5161259","1194067","ok","0.97239584","destroyed"
"5145363","979862","ok","0.959662","destroyed"
"5137392","914822","ok","0.9737603","destroyed"
"5141609","881884","ok","0.980737","destroyed"
"5136654","928359","ok","0.9799099","destroyed"
"5156376","1194070","ok","0.97299","destroyed"
"5168810","1270288","ok","0.9863275","destroyed"
"5167193","1270177","ok","0.98672163","destroyed"
"5137503","965133","ok","0.9699118","destroyed"
"5131930","961772","ok","0.9920344","destroyed"
"5115958","958044","ok","0.9606722","destroyed"
"5160509","1154269","ok","0.9821164","destroyed"
"5177006","1306366","ok","0.95327216","destroyed"
"5176380","1306514","ok","0.98671013","destroyed"
"5176526","1306530","ok","0.98558235","destroyed"
"5176392","1306545","ok","0.9814441","destroyed"
"5176280","1306567","ok","0.9615635","destroyed"
"5175380","1306573","ok","0.98362607","destroyed"
"5176101","1306596","ok","0.9826469","destroyed"
"5176169","1306584","ok","0.98452836","destroyed"
"5164882","1306588","ok","0.99008405","destroyed"
"5176581","1306615","ok","0.9933842","destroyed"
"5170577","1306658","ok","0.99159676","destroyed"
"5175909","1299808","ok","0.9667958","destroyed"
"5168832","1157528","ok","0.98960567","destroyed"
"5168269","1186704","ok","0.9836362","destroyed"
"5157040","768369","ok","0.9561358","destroyed"
"5152083","1203318","ok","0.9587913","destroyed"
"5167412","1186924","ok","0.9826103","destroyed"
"5141476","1158265","ok","0.95033145","destroyed"
"5139284","871560","ok","0.95564383","destroyed"
"5137614","912225","ok","0.95847285","destroyed"
"5137866","909691","ok","0.97633034","destroyed"
"5158134","328442","ok","0.9906341","destroyed"
"5155255","1030765","ok","0.9965391","destroyed"
"5151990","1039442","ok","0.98888654","destroyed"
"5167608","1185563","ok","0.9515806","destroyed"
"5152078","1157670","ok","0.9825799","destroyed"
"5159482","1038852","ok","0.9784772","destroyed"
"5136357","944161","ok","0.97916746","destroyed"
"5155141","197027","ok","0.9683689","destroyed"
"5156742","308211","ok","0.9552527","destroyed"
"5077599","1911","ok","0.9863116","destroyed"
"5158186","1016462","ok","0.98914844","destroyed"
"5164591","1225972","ok","0.98097986","destroyed"
"5087232","1290870","ok","0.9739303","destroyed"
"5136644","891471","ok","0.95338136","destroyed"
"5168323","1270618","ok","0.96881604","destroyed"
"5165341","1239712","ok","0.98851043","destroyed"
"5169929","1221079","ok","0.9722983","destroyed"
"5169729","1280971","ok","0.99316347","destroyed"
"5159387","196369","ok","0.9869731","destroyed"
"5107896","603737","ok","0.9922472","destroyed"
"5152506","1232432","ok","0.9507633","destroyed"
"5162851","1157090","ok","0.9503898","destroyed"
"5139087","902600","ok","0.9686527","destroyed"
"5167209","1270827","ok","0.9799524","destroyed"
"5046912","692929","ok","0.9806295","destroyed"
"5151973","1088288","ok","0.9784015","destroyed"
"5143528","955810","ok","0.9865063","destroyed"
"5175164","1303857","ok","0.99242365","destroyed"
"5176344","1304448","ok","0.9824734","destroyed"
"5175443","1304582","ok","0.9966012","destroyed"
"5133506","1223356","ok","0.9737309","destroyed"
"5137072","907080","ok","0.98338693","destroyed"
"5131927","961781","ok","0.98531187","destroyed"
"5169668","746120","ok","0.9784978","destroyed"
"5165449","1239711","ok","0.9651793","destroyed"
"5168876","1222061","ok","0.9559209","destroyed"
"5167948","1187697","ok","0.97820175","destroyed"
"5169622","1270397","ok","0.9877891","destroyed"
"5138778","892021","ok","0.9546614","destroyed"
"5176354","1305069","ok","0.9853892","destroyed"
"5175995","1305137","ok","0.98907906","destroyed"
"5175993","1305138","ok","0.98960334","destroyed"
"5176011","1305147","ok","0.9930254","destroyed"
"5176000","1305149","ok","0.9929","destroyed"
"5176535","1305212","ok","0.9926836","destroyed"
"5176117","1305282","ok","0.97302276","destroyed"
"5176932","1305311","ok","0.98831683","destroyed"
"5176931","1305315","ok","0.9849745","destroyed"
"5176229","1306126","ok","0.99272996","destroyed"
"5035473","279204","ok","0.9913816","destroyed"
"5163435","1253382","ok","0.95195377","destroyed"
"5161456","1217212","ok","0.9681314","destroyed"
"5137914","889654","ok","0.9835398","destroyed"
"5162442","1066617","ok","0.9627392","destroyed"
"5169713","1185972","ok","0.97451574","destroyed"
"5138941","1207381","ok","0.97851896","destroyed"
"5013507","782713","ok","0.96792185","destroyed"
"5143017","962867","ok","0.9880535","destroyed"
"5161224","1154788","ok","0.9569031","destroyed"
"5161313","1221664","ok","0.98391426","destroyed"
"5172087","1295613","ok","0.9800931","destroyed"
"5167856","1199593","ok","0.97827804","destroyed"
"5162723","1228586","ok","0.9811693","destroyed"
"5161252","1161626","ok","0.968196","destroyed"
"5168313","1187551","ok","0.959812","destroyed"
"5164308","1260289","ok","0.98648375","destroyed"
"5127012","659072","ok","0.97398096","destroyed"
"5176530","1303073","ok","0.9895459","destroyed"
"5167982","1185676","ok","0.9521047","destroyed"
"5155570","1234222","ok","0.98650825","destroyed"
"5154614","326858","ok","0.9862039","destroyed"
"5138702","480797","ok","0.9884792","destroyed"
"5165937","1190520","ok","0.9930958","destroyed"
"5156520","1230141","ok","0.9582347","destroyed"
"5154482","1016116","ok","0.98304707","destroyed"
"5161004","1155363","ok","0.9845317","destroyed"
"5168811","1226742","ok","0.98823094","destroyed"
"5146618","1116434","ok","0.9574711","destroyed"
"5161935","1154053","ok","0.9820082","destroyed"
"5106074","52382","ok","0.9597918","destroyed"
"5175730","1306319","ok","0.990017","destroyed"
"5175867","1306358","ok","0.9823498","destroyed"
"5175865","1306359","ok","0.9862872","destroyed"
"5176291","1306470","ok","0.9827559","destroyed"
"5176784","1306478","ok","0.9686664","destroyed"
"5158423","1306487","ok","0.9879946","destroyed"
"5175848","1306493","ok","0.9818277","destroyed"
"5176281","1306568","ok","0.9882542","destroyed"
"5176106","1306605","ok","0.97908676","destroyed"
"5176971","1306608","ok","0.9676806","destroyed"
"5176577","1306610","ok","0.98649967","destroyed"
"5176584","1306613","ok","0.99577326","destroyed"
"5176585","1306614","ok","0.99322224","destroyed"
"5176650","1306582","ok","0.97752976","destroyed"
"5176926","1306815","ok","0.9783724","destroyed"
"5169474","1185673","ok","0.9761185","destroyed"
"5155552","683532","ok","0.9934209","destroyed"
"5152011","1276472","ok","0.9875947","destroyed"
"5142929","918542","ok","0.9889932","destroyed"
"5041861","338475","ok","0.98216206","destroyed"
"5169964","1270588","ok","0.98506355","destroyed"
"5130784","937746","ok","0.9833264","destroyed"
"5111456","374206","ok","0.9733526","destroyed"
"5006335","980030","ok","0.9578171","destroyed"
"5063934","252905","ok","0.98841196","destroyed"
"5107369","1297442","ok","0.9886903","destroyed"
"5113284","10868","ok","0.98861814","destroyed"
"5107433","1110503","ok","0.97177774","destroyed"
"5157207","597629","ok","0.95640206","destroyed"
"5138886","900845","ok","0.9768404","destroyed"
"5160311","1245876","ok","0.9813316","destroyed"
"5154391","225757","ok","0.9905398","destroyed"
"5152174","458670","ok","0.9593525","destroyed"
"5161339","1160462","ok","0.98358756","destroyed"
"5033728","1228246","ok","0.9906192","destroyed"
"5153505","372009","ok","0.99333054","destroyed"
"5161388","1153813","ok","0.97474015","destroyed"
"5143956","918550","ok","0.9860671","destroyed"
"5155715","1288096","ok","0.95800906","destroyed"
"5105632","584158","ok","0.98329747","destroyed"
"5155234","1072344","ok","0.9712865","destroyed"
"5159574","1115423","ok","0.95251334","destroyed"
"5108265","1231152","ok","0.9601675","destroyed"
"5155991","10732","ok","0.9773581","destroyed"
"5139047","892248","ok","0.9653958","destroyed"
"5153806","1064548","ok","0.9788397","destroyed"
"5063933","458536","ok","0.98993146","destroyed"
"5110004","1260163","ok","0.9674132","destroyed"
"5167240","1201453","ok","0.9951839","destroyed"
"5164927","1262691","ok","0.9962141","destroyed"
"5161589","1283314","ok","0.95782363","destroyed"
"5165808","1185710","ok","0.98819387","destroyed"
"5049221","3632","ok","0.9883704","destroyed"
"5167556","1270147","ok","0.97677284","destroyed"
"5168110","1270550","ok","0.96686244","destroyed"
"5108264","548513","ok","0.9820386","destroyed"
"5141075","2205","ok","0.97277313","destroyed"
"5163298","1222934","ok","0.9914426","destroyed"
"5155144","289340","ok","0.9840379","destroyed"
"5162138","1195530","ok","0.9620764","destroyed"
"5176529","1304381","ok","0.9863809","destroyed"
"5176189","1304417","ok","0.98423105","destroyed"
"5176351","1304477","ok","0.97056085","destroyed"
"5175445","1304583","ok","0.99410254","destroyed"
"5176141","1304606","ok","0.96972936","destroyed"
"5176345","1304641","ok","0.99117696","destroyed"
"5168797","1239533","ok","0.9719268","destroyed"
"5161205","1161068","ok","0.9798094","destroyed"
"5139022","883642","ok","0.98795277","destroyed"
"5118466","608568","ok","0.9647876","destroyed"
"5167214","1276440","ok","0.9837436","destroyed"
"5095784","165039","ok","0.977836","destroyed"
"5176352","1305066","ok","0.98952454","destroyed"
"5176005","1305159","ok","0.9876338","destroyed"
"5175911","1305190","ok","0.98726475","destroyed"
"5176533","1305211","ok","0.9927174","destroyed"
"5170335","1305537","ok","0.9925053","destroyed"
"5164109","1305837","ok","0.98605484","destroyed"
"5174468","1306175","ok","0.9856009","destroyed"
"5172237","1306176","ok","0.97475874","destroyed"
"5176307","1306257","ok","0.9908173","destroyed"
"5172052","1293363","ok","0.9912417","destroyed"
"5143973","931327","ok","0.97102416","destroyed"
"5126937","398864","ok","0.97825533","destroyed"
"5166113","1214379","ok","0.95704496","destroyed"
"5154626","791191","ok","0.9551766","destroyed"
"5167242","1198869","ok","0.9912179","destroyed"
"5077600","772336","ok","0.9937621","destroyed"
"5046295","578646","ok","0.9848995","destroyed"
"5165404","1251054","ok","0.97315073","destroyed"
"5021195","782290","ok","0.9843397","destroyed"
"5123940","524321","ok","0.98359793","destroyed"
"5162152","1227302","ok","0.9682652","destroyed"
"5164307","1260468","ok","0.97440606","destroyed"
"5154417","1154032","ok","0.95246977","destroyed"
"5154396","1044218","ok","0.9955629","destroyed"
"5138967","914768","ok","0.96752244","destroyed"
"5161478","1242382","ok","0.9697272","destroyed"
"5153008","1215650","ok","0.97210115","destroyed"
"5166202","1225191","ok","0.9671049","destroyed"
"5139279","895376","ok","0.98837644","destroyed"
"5160467","1207397","ok","0.9844446","destroyed"
"5163577","1216990","ok","0.96377134","destroyed"
"5169935","1187354","ok","0.9829137","destroyed"
"5136777","1186823","ok","0.95416504","destroyed"
"5154065","520234","ok","0.98502755","destroyed"
"5153413","1200550","ok","0.98575145","destroyed"
"5155180","789842","ok","0.9800497","destroyed"
"5176133","1303050","ok","0.9534239","destroyed"
"5176599","1303069","ok","0.95880663","destroyed"
"5177035","1303070","ok","0.98662424","destroyed"
"5175799","1303086","ok","0.9906633","destroyed"
"5175611","1303129","ok","0.958243","destroyed"
"5114874","391630","ok","0.97708535","destroyed"
"5158383","545401","ok","0.9934369","destroyed"
"5140084","865967","ok","0.9738559","destroyed"
"5155354","986143","ok","0.9654137","destroyed"
"5163004","657702","ok","0.9747967","destroyed"
"5166121","1246539","ok","0.9839677","destroyed"
"5151976","323744","ok","0.9898657","destroyed"
"5168703","1240344","ok","0.96068794","destroyed"
"5105678","478384","ok","0.95890707","destroyed"
"5027065","235575","ok","0.9897884","destroyed"
"5169628","1214598","ok","0.98170024","destroyed"
"5164298","1260473","ok","0.9800552","destroyed"
"5799503","1286525","ok","0.9563574","destroyed"
"5799511","1286531","ok","0.973743","destroyed"
"5176694","1306360","ok","0.99128574","destroyed"
"5176689","1306468","ok","0.9898134","destroyed"
"5176276","1306518","ok","0.993086","destroyed"
"5176274","1306520","ok","0.9927665","destroyed"
"5176525","1306531","ok","0.99251246","destroyed"
"5176249","1306537","ok","0.9857737","destroyed"
"5176972","1306553","ok","0.9824761","destroyed"
"5176419","1306576","ok","0.9950641","destroyed"
"5176100","1306594","ok","0.993562","destroyed"
"5176099","1306595","ok","0.9922025","destroyed"
"5176790","1306619","ok","0.9804986","destroyed"
"5176395","1306630","ok","0.9858613","destroyed"
"5175808","1306633","ok","0.9708692","destroyed"
"5176375","1306837","ok","0.9943989","destroyed"
"5116755","167205","ok","0.9827671","destroyed"
"5138704","894269","ok","0.9822776","destroyed"
"5168509","1198302","ok","0.9728668","destroyed"
"5167415","1186765","ok","0.9899221","destroyed"
"5795008","1270393","ok","0.9909208","destroyed"
"5113499","61699","ok","0.98374474","destroyed"
"5159110","1262374","ok","0.9648412","destroyed"
"5140334","1157097","ok","0.9550843","destroyed"
"5167863","1234897","ok","0.9711043","destroyed"
"5164302","1260225","ok","0.970301","destroyed"
"5168189","1154275","ok","0.9833493","destroyed"
"5158151","1008622","ok","0.9908737","destroyed"
"5170442","1288094","ok","0.9710556","destroyed"
"5137656","881248","ok","0.9773547","destroyed"
"5107107","109806","ok","0.982623","destroyed"
"5158185","164385","ok","0.97447586","destroyed"
"5167703","1245536","ok","0.98043066","destroyed"
"5153947","168139","ok","0.9636199","destroyed"
"5168222","1245088","ok","0.97792995","destroyed"
"5167397","1243006","ok","0.9713893","destroyed"
"5105589","214712","ok","0.96067286","destroyed"
"5152336","133557","ok","0.9743569","destroyed"
"5050506","245675","ok","0.98443353","destroyed"
"5140555","524053","ok","0.9850755","destroyed"
"5138783","858160","ok","0.9886087","destroyed"
"5167970","1270099","ok","0.9715784","destroyed"
"5161899","1158744","ok","0.9864687","destroyed"
"5163466","343252","ok","0.986816","destroyed"
"5154388","1153082","ok","0.98464936","destroyed"
"5106641","47092","ok","0.97230905","destroyed"
"5154390","39437","ok","0.99285513","destroyed"
"5082278","118966","ok","0.99290895","destroyed"
"5175163","1303856","ok","0.994504","destroyed"
"5175059","1304128","ok","0.9766375","destroyed"
"5176717","1304208","ok","0.9783518","destroyed"
"5168896","1304325","ok","0.97781026","destroyed"
"5175444","1304580","ok","0.9951697","destroyed"
"5175571","1304587","ok","0.99445724","destroyed"
"5175441","1304591","ok","0.99407697","destroyed"
"5013628","1304661","ok","0.99091256","destroyed"
"5165916","1191818","ok","0.9624431","destroyed"
"5169748","1208883","ok","0.99152124","destroyed"
"5107084","203374","ok","0.9554396","destroyed"
"5057578","513799","ok","0.97716296","destroyed"
"5162356","1239724","ok","0.97040355","destroyed"
"5112428","1232267","ok","0.9824523","destroyed"
"5167563","1251266","ok","0.97226036","destroyed"
"5168170","1186676","ok","0.9543859","destroyed"
"5168815","1186283","ok","0.97663134","destroyed"
"5168835","1270263","ok","0.98520905","destroyed"
"5155521","556012","ok","0.99221545","destroyed"
"5167945","1214641","ok","0.96745336","destroyed"
"5139028","867270","ok","0.96159154","destroyed"
"5141354","940841","ok","0.95099723","destroyed"
"5026639","458358","ok","0.97926015","destroyed"
"5176965","1306050","ok","0.9651582","destroyed"
"5165885","1185590","ok","0.9875553","destroyed"
"5799517","1286535","ok","0.991482","destroyed"
"5167239","1187272","ok","0.9895571","destroyed"
"5107797","109331","ok","0.9821422","destroyed"
"5125257","488693","ok","0.969242","destroyed"
"5165612","1192702","ok","0.95637214","destroyed"
"5156030","1013653","ok","0.9780462","destroyed"
"5006852","756385","ok","0.9734446","destroyed"
"5163673","566146","ok","0.9846048","destroyed"
"5143728","935531","ok","0.960552","destroyed"
"5165928","1191820","ok","0.97969955","destroyed"
"5167289","1240299","ok","0.9595988","destroyed"
"5167244","1221259","ok","0.9947472","destroyed"
"5168813","1214363","ok","0.9909343","destroyed"
"5169999","1270704","ok","0.9842424","destroyed"
"5168266","478220","ok","0.9802752","destroyed"
"5139112","466073","ok","0.98804015","destroyed"
"5083345","296219","ok","0.9684058","destroyed"
"5138554","1243499","ok","0.9731251","destroyed"
"5143361","84711","ok","0.9564066","destroyed"
"5172187","1302567","ok","0.9802224","destroyed"
"5176693","1303063","ok","0.96140593","destroyed"
"5159865","480967","ok","0.98188937","destroyed"
"5155310","1207594","ok","0.9775319","destroyed"
"5160187","1244628","ok","0.9831861","destroyed"
"5152385","1242360","ok","0.98142725","destroyed"
"5056968","398158","ok","0.9641347","destroyed"
"5153379","1217634","ok","0.9775122","destroyed"
"5141263","870354","ok","0.9580477","destroyed"
"5154395","195600","ok","0.99446785","destroyed"
"5155517","164218","ok","0.9933733","destroyed"
"5000832","463916","ok","0.9744299","destroyed"
"5153544","569185","ok","0.988206","destroyed"
"5151678","1207970","ok","0.98227215","destroyed"
"5799506","1286527","ok","0.9530076","destroyed"
"5131928","965883","ok","0.9916779","destroyed"
"5000427","20185","ok","0.98616296","destroyed"
"5176648","1306476","ok","0.9899339","destroyed"
"5158018","1306484","ok","0.9851532","destroyed"
"5176465","1306494","ok","0.9794469","destroyed"
"5176915","1306527","ok","0.9729145","destroyed"
"5158015","1306555","ok","0.9915912","destroyed"
"5176687","1306566","ok","0.9559629","destroyed"
"5176418","1306578","ok","0.99209046","destroyed"
"5176578","1306609","ok","0.9917979","destroyed"
"5176168","1306583","ok","0.9918943","destroyed"
"5170578","1306661","ok","0.98982227","destroyed"
"5175871","1306642","ok","0.9788847","destroyed"
"5177172","1306653","ok","0.9766981","destroyed"
"5153429","640868","ok","0.97904015","destroyed"
"5136370","973189","ok","0.9657629","destroyed"
"5141386","1214430","ok","0.9636648","destroyed"
"5151681","1294432","ok","0.98483825","destroyed"
"5167236","1242237","ok","0.991102","destroyed"
"5138313","912357","ok","0.98250765","destroyed"
"5168606","1270316","ok","0.9813301","destroyed"
"5023950","451193","ok","0.9848024","destroyed"
"5168798","1186712","ok","0.98831743","destroyed"
"5162015","475360","ok","0.9876631","destroyed"
"5093231","741896","ok","0.97817284","destroyed"
"5158148","1005270","ok","0.9916918","destroyed"
"5151761","794241","ok","0.9823861","destroyed"
"5165601","1236214","ok","0.95378643","destroyed"
"5159363","1036445","ok","0.9733632","destroyed"
"5126704","399596","ok","0.9861079","destroyed"
"5153545","1161633","ok","0.9773487","destroyed"
"5169479","1246136","ok","0.97823757","destroyed"
"5162869","1153718","ok","0.9757388","destroyed"
"5167008","1270273","ok","0.9842323","destroyed"
"5168498","1270875","ok","0.9591079","destroyed"
"5160022","1156550","ok","0.98181087","destroyed"
"5169919","1217508","ok","0.98792493","destroyed"
"5155376","1212858","ok","0.9743079","destroyed"
"5158322","1281457","ok","0.9749483","destroyed"
"5156603","1237707","ok","0.9662543","destroyed"
"5160283","1025058","ok","0.9876173","destroyed"
"5168817","1200312","ok","0.97159374","destroyed"
"5158042","1236717","ok","0.9694996","destroyed"
"5082688","486195","ok","0.9908087","destroyed"
"5159940","1251212","ok","0.9711912","destroyed"
"5152010","1231030","ok","0.98898625","destroyed"
"5151979","420761","ok","0.9953945","destroyed"
"5141145","1187525","ok","0.9700134","destroyed"
"5139867","945140","ok","0.9935355","destroyed"
"5168830","1187289","ok","0.98519915","destroyed"
"5167478","1208224","ok","0.9866557","destroyed"
"5151713","959198","ok","0.98928905","destroyed"
"5050496","774169","ok","0.9588065","destroyed"
"5065716","313377","ok","0.9548682","destroyed"
"5157298","660319","ok","0.98732483","destroyed"
"5153813","1064495","ok","0.9730929","destroyed"
"5143592","979418","ok","0.986278","destroyed"
"5168098","1270543","ok","0.98874706","destroyed"
"5125874","153727","ok","0.9855742","destroyed"
"5139612","531994","ok","0.97466326","destroyed"
"5143722","955051","ok","0.98782957","destroyed"
"5177115","1303645","ok","0.9813519","destroyed"
"5175161","1303854","ok","0.99003613","destroyed"
"5175160","1303858","ok","0.98517966","destroyed"
"5175057","1304126","ok","0.978506","destroyed"
"5171249","1304131","ok","0.99409074","destroyed"
"5176539","1304495","ok","0.96871614","destroyed"
"5175570","1304584","ok","0.9946402","destroyed"
"5175446","1304585","ok","0.99640936","destroyed"
"5175442","1304589","ok","0.9918105","destroyed"
"5176347","1304642","ok","0.9887322","destroyed"
"5163685","290255","ok","0.9633802","destroyed"
"5143874","943119","ok","0.9847418","destroyed"
"5155267","806785","ok","0.98906285","destroyed"
"5170154","1305051","ok","0.97912383","destroyed"
"5176355","1305067","ok","0.98721594","destroyed"
"5176004","1305140","ok","0.98563486","destroyed"
"5175992","1305141","ok","0.98583466","destroyed"
"5175990","1305143","ok","0.98895955","destroyed"
"5176006","1305158","ok","0.98188263","destroyed"
"5175989","1305167","ok","0.97825944","destroyed"
"5175834","1305186","ok","0.98557127","destroyed"
"5175835","1305187","ok","0.98941946","destroyed"
"5168885","1292898","ok","0.9577833","destroyed"
"5167569","1231397","ok","0.9690067","destroyed"
"5144917","959306","ok","0.9602651","destroyed"
"5155516","1069594","ok","0.96019024","destroyed"
"5153143","1227762","ok","0.9875516","destroyed"
"5152904","36295","ok","0.98475015","destroyed"
"5169712","1240348","ok","0.9944832","destroyed"
"5159755","1203319","ok","0.9808715","destroyed"
"5167890","1185963","ok","0.96942735","destroyed"
"5158123","27922","ok","0.9930756","destroyed"
"5159504","1012218","ok","0.9549256","destroyed"
"5049216","133417","ok","0.9561791","destroyed"
"5142484","1225501","ok","0.9560009","destroyed"
"5013330","188526","ok","0.97659373","destroyed"
"5143994","935533","ok","0.98509246","destroyed"
"5136334","893649","ok","0.9863945","destroyed"
"5166087","1228041","ok","0.98142505","destroyed"
"5169912","1196959","ok","0.986384","destroyed"
"5161793","1153615","ok","0.9843539","destroyed"
"5138556","871038","ok","0.9712143","destroyed"
"5161534","1160532","ok","0.96300185","destroyed"
"5164294","1260164","ok","0.9715173","destroyed"
"5168543","1185607","ok","0.98615414","destroyed"
"5057084","1243007","ok","0.9637814","destroyed"
"5168762","1216877","ok","0.9889122","destroyed"
"5155244","1017290","ok","0.98172736","destroyed"
"5170216","1301763","ok","0.9621814","destroyed"
"5160004","1158216","ok","0.97382134","destroyed"
"5028433","633981","ok","0.98400927","destroyed"
"5156436","1091091","ok","0.953527","destroyed"
"5153953","1086124","ok","0.982882","destroyed"
"5156939","1158393","ok","0.9691776","destroyed"
"5144182","938413","ok","0.97672665","destroyed"
"5004438","1286154","ok","0.95867777","destroyed"
"5159852","105721","ok","0.9871181","destroyed"
"5169926","1242623","ok","0.987837","destroyed"
"5137883","899607","ok","0.9707898","destroyed"
"5175731","1306320","ok","0.9831814","destroyed"
"5177093","1306364","ok","0.965817","destroyed"
"5177004","1306433","ok","0.9503373","destroyed"
"5176768","1306464","ok","0.97252613","destroyed"
"5176690","1306469","ok","0.9656213","destroyed"
"5176294","1306474","ok","0.97486955","destroyed"
"5176391","1306546","ok","0.98478043","destroyed"
"5176389","1306547","ok","0.9878127","destroyed"
"5176657","1306581","ok","0.98689157","destroyed"
"5176588","1306618","ok","0.98578995","destroyed"
"5175416","1306647","ok","0.9880954","destroyed"
"5155518","782026","ok","0.9930641","destroyed"
"5156199","1157718","ok","0.97181714","destroyed"
"5169966","1232034","ok","0.98504436","destroyed"
"5150961","550205","ok","0.9771392","destroyed"
"5160935","1161143","ok","0.9776595","destroyed"
"5107660","284573","ok","0.9904997","destroyed"
"5169627","1186502","ok","0.9857495","destroyed"
"5168365","1203102","ok","0.9643439","destroyed"
"5168221","1199050","ok","0.95621735","destroyed"
"5103997","669863","ok","0.9879232","destroyed"
"5167237","1186715","ok","0.99235946","destroyed"
"5156891","1054638","ok","0.964651","destroyed"
"5154387","1006988","ok","0.99432594","destroyed"
"5154909","88023","ok","0.9928145","destroyed"
"5142591","962426","ok","0.9674599","destroyed"
"5158152","1010095","ok","0.99104017","destroyed"
"5167234","1186717","ok","0.9836219","destroyed"
"5168861","126607","ok","0.9589725","destroyed"
"5143856","1186688","ok","0.96993524","destroyed"
"5151533","638795","ok","0.97789747","destroyed"
"5144490","974900","ok","0.96651155","destroyed"
"5157253","1230349","ok","0.98718005","destroyed"
"5167597","1187815","ok","0.97062445","destroyed"
"5025026","533767","ok","0.9611033","destroyed"
"5110305","402890","ok","0.98148566","destroyed"
"5152832","1154284","ok","0.96331125","destroyed"
"5159551","1156545","ok","0.96596134","destroyed"
"5141596","880276","ok","0.9886917","destroyed"
"5154398","1032714","ok","0.97897196","destroyed"
"5153280","1187291","ok","0.9895824","destroyed"
"5145542","946279","ok","0.9639625","destroyed"
"5048420","600097","ok","0.9779399","destroyed"
"5168891","1242831","ok","0.98025495","destroyed"
"5169705","1202974","ok","0.98482877","destroyed"
"5155992","1093332","ok","0.9902327","destroyed"
"5164303","1260226","ok","0.96508837","destroyed"
"5167913","1232488","ok","0.9678857","destroyed"
"5028263","816092","ok","0.9885434","destroyed"
"5136665","890700","ok","0.98501784","destroyed"
"5169934","1200151","ok","0.98823124","destroyed"
"5162540","1234624","ok","0.95790154","destroyed"
"5167152","1270809","ok","0.9746373","destroyed"
"5168097","1270542","ok","0.99094194","destroyed"
"5168476","1270882","ok","0.9641217","destroyed"
"5083483","189171","ok","0.96821266","destroyed"
"5162196","1154794","ok","0.97534466","destroyed"
"5023699","962245","ok","0.97358036","destroyed"
"5175045","1304124","ok","0.99113643","destroyed"
"5176297","1304166","ok","0.9675752","destroyed"
"5176719","1304203","ok","0.97413015","destroyed"
"5176528","1304380","ok","0.9823117","destroyed"
"5175598","1304590","ok","0.99371123","destroyed"
"5176367","1304663","ok","0.9907601","destroyed"
"5176368","1304664","ok","0.98783165","destroyed"
"5153765","1160777","ok","0.9524383","destroyed"
"5167075","1276438","ok","0.9870395","destroyed"
"5088592","400016","ok","0.9898009","destroyed"
"5175996","1305168","ok","0.9898997","destroyed"
"5176772","1305191","ok","0.98706126","destroyed"
"5171376","1305617","ok","0.99080557","destroyed"
"5164124","1305736","ok","0.99023","destroyed"
"5166431","1305799","ok","0.9940094","destroyed"
"5176230","1306125","ok","0.99195874","destroyed"
"5167243","1243762","ok","0.9933528","destroyed"
"5167204","1248044","ok","0.99169636","destroyed"
"5157678","121984","ok","0.97613907","destroyed"
"5163111","1194488","ok","0.98605806","destroyed"
"5161103","1161696","ok","0.95743597","destroyed"
"5136857","1159149","ok","0.9702477","destroyed"
"5107108","685369","ok","0.9815953","destroyed"
"5086715","179520","ok","0.9883739","destroyed"
"5045003","303914","ok","0.9824771","destroyed"
"5136739","1224158","ok","0.984869","destroyed"
"5153681","178129","ok","0.9684076","destroyed"
"5165316","1187188","ok","0.96519274","destroyed"
"5142655","643610","ok","0.9891595","destroyed"
"5153314","1202906","ok","0.9529241","destroyed"
"5089303","852510","ok","0.9885112","destroyed"
"5138836","872152","ok","0.95064807","destroyed"
"5165922","1239532","ok","0.97828114","destroyed"
"5106764","83435","ok","0.9638772","destroyed"
"5168102","1270528","ok","0.9874972","destroyed"
"5155265","101527","ok","0.9922875","destroyed"
"5109853","72368","ok","0.9626555","destroyed"
"5167421","1187637","ok","0.96113694","destroyed"
"5136221","874610","ok","0.96321404","destroyed"
"5156358","1228787","ok","0.9766734","destroyed"
"5155768","1153063","ok","0.9779351","destroyed"
"5166354","1303113","ok","0.953338","destroyed"
"5175612","1303126","ok","0.97020614","destroyed"
"5138703","884839","ok","0.9739008","destroyed"
"5127013","687097","ok","0.9816488","destroyed"
"5165550","1191757","ok","0.98387444","destroyed"
"5154392","1078432","ok","0.99491787","destroyed"
"5159847","1212380","ok","0.99320364","destroyed"
"5155481","475114","ok","0.9853086","destroyed"
"5169936","1187908","ok","0.9843493","destroyed"
"5154518","284271","ok","0.9674875","destroyed"
"5144596","840077","ok","0.98493516","destroyed"
"5176137","1306508","ok","0.9695113","destroyed"
"5176733","1306509","ok","0.9781336","destroyed"
"5176277","1306517","ok","0.9891356","destroyed"
"5176173","1306550","ok","0.99345934","destroyed"
"5176422","1306551","ok","0.9847499","destroyed"
"5158014","1306556","ok","0.9824088","destroyed"
"5176534","1306563","ok","0.9789681","destroyed"
"5174683","1306564","ok","0.9819884","destroyed"
"5176282","1306569","ok","0.9793139","destroyed"
"5176421","1306575","ok","0.99174607","destroyed"
"5176420","1306577","ok","0.9954261","destroyed"
"5176579","1306611","ok","0.9945681","destroyed"
"5176580","1306612","ok","0.9936987","destroyed"
"5176582","1306616","ok","0.9922132","destroyed"
"5176903","1306626","ok","0.97398007","destroyed"
"5176393","1306628","ok","0.97356725","destroyed"
"5175864","1306640","ok","0.9929241","destroyed"
"5176484","1306646","ok","0.9932453","destroyed"
"5176799","1306651","ok","0.98382473","destroyed"
"5000072","85223","ok","0.98538744","destroyed"
"5000235","364858","ok","0.9904649","destroyed"
"5138914","1188755","ok","0.9532833","destroyed"
"5158216","1079733","ok","0.9643904","destroyed"
"5164290","1260498","ok","0.963172","destroyed"
"5167074","1270636","ok","0.9590078","destroyed"
"5167828","1270764","ok","0.95067924","destroyed"
"5145102","947299","ok","0.9720337","destroyed"
"5109632","425684","ok","0.9795999","destroyed"
"5155384","338895","ok","0.99156487","destroyed"
"5166669","1186170","ok","0.97260916","destroyed"
"5158445","1297614","ok","0.9956018","destroyed"
"5164314","1260287","ok","0.9758739","destroyed"
"5049561","308035","ok","0.9893551","destroyed"
"5138071","916752","ok","0.98207283","destroyed"
"5144956","971822","ok","0.98019123","destroyed"
"5169268","1194571","ok","0.9780663","destroyed"
"5140979","882982","ok","0.96033335","destroyed"
"5059198","709511","ok","0.9851479","destroyed"
"5145393","954440","ok","0.98432297","destroyed"
"5155100","1066692","ok","0.98845357","destroyed"
"5157914","1241236","ok","0.97436327","destroyed"
"5165728","1193590","ok","0.9604131","destroyed"
"5168975","1224637","ok","0.9738219","destroyed"
"5168828","1211882","ok","0.975933","destroyed"
"5161294","1157719","ok","0.95479214","destroyed"
"5156198","1229972","ok","0.9548283","destroyed"
"5138724","67041","ok","0.9650818","destroyed"
"5167968","1270165","ok","0.9591771","destroyed"
"5155253","1027822","ok","0.9803003","destroyed"
"5107607","1250985","ok","0.9598018","destroyed"
"5143437","959185","ok","0.9848876","destroyed"
"5105642","256631","ok","0.99211454","destroyed"
"5174778","1304656","ok","0.992203","destroyed"
"5157858","1153137","ok","0.9820311","destroyed"
"5137634","897420","ok","0.9857039","destroyed"
"5162125","1160093","ok","0.95988417","destroyed"
"5105629","556573","ok","0.9593757","destroyed"
"5135546","471294","ok","0.95202667","destroyed"
"5163122","403733","ok","0.95669436","destroyed"
"5166097","1270371","ok","0.97482264","destroyed"
"5002509","136644","ok","0.9709288","destroyed"
"5154397","573726","ok","0.99403894","destroyed"
"5177257","1304820","ok","0.9775982","destroyed"
"5176353","1305068","ok","0.9869126","destroyed"
"5176001","1305146","ok","0.98353136","destroyed"
"5175998","1305151","ok","0.9916442","destroyed"
"5175997","1305165","ok","0.9906983","destroyed"
"5176111","1305279","ok","0.98938787","destroyed"
"5176112","1305280","ok","0.95848054","destroyed"
"5176341","1305331","ok","0.99105495","destroyed"
"5176832","1305737","ok","0.985699","destroyed"
"5164107","1305839","ok","0.9919368","destroyed"
"5176686","1306127","ok","0.98335934","destroyed"
"5176301","1306173","ok","0.9870712","destroyed"
"5174469","1306174","ok","0.9699513","destroyed"
"5171936","1288713","ok","0.9768038","destroyed"
"5138307","875458","ok","0.98259383","destroyed"
"5157349","1082984","ok","0.9719447","destroyed"
"5137912","972497","ok","0.9820164","destroyed"
"5138929","904999","ok","0.987043","destroyed"
"5169019","751692","ok","0.9902136","destroyed"
"5053458","218806","ok","0.9644986","destroyed"
"5124228","264865","ok","0.96820754","destroyed"
"5107112","188950","ok","0.9791027","destroyed"
"5155550","1157122","ok","0.9923947","destroyed"
"5156260","1155691","ok","0.9507832","destroyed"
"5154908","658923","ok","0.9925638","destroyed"
"5131929","985453","ok","0.99223083","destroyed"
"5159802","1091276","ok","0.98527884","destroyed"
"5142639","946648","ok","0.95524704","destroyed"
"5165508","1227656","ok","0.9790385","destroyed"
"5138678","1161631","ok","0.9828333","destroyed"
"5168995","1270938","ok","0.9866236","destroyed"
"5162930","1222269","ok","0.9794728","destroyed"
"5163200","1237495","ok","0.9711746","destroyed"
"5166142","1224197","ok","0.9843407","destroyed"
"5154389","6743","ok","0.9680389","destroyed"
"5151980","320181","ok","0.99568534","destroyed"
"5172189","1302380","ok","0.95011014","destroyed"
"5176592","1303077","ok","0.9744587","destroyed"
"5175816","1303127","ok","0.9874665","destroyed"
"5175815","1303130","ok","0.9902182","destroyed"
"5143659","955054","ok","0.98635465","destroyed"
"5153087","1200854","ok","0.9573736","destroyed"
"5105119","202638","ok","0.9723269","destroyed"
"5050520","824771","ok","0.9668943","destroyed"
"5165633","1231395","ok","0.98659456","destroyed"
"5156187","1156440","ok","0.9667398","destroyed"
"5104271","801916","ok","0.97323","destroyed"
"5170287","1287940","ok","0.9663726","destroyed"
"5176176","1306378","ok","0.9917303","destroyed"
"5176786","1306465","ok","0.97941226","destroyed"
"5176293","1306473","ok","0.9560112","destroyed"
"5177687","1306475","ok","0.9893861","destroyed"
"5176381","1306513","ok","0.9881253","destroyed"
"5176250","1306539","ok","0.9833604","destroyed"
"5176684","1306540","ok","0.9519882","destroyed"
"5176536","1306562","ok","0.9822312","destroyed"
"5175213","1306607","ok","0.9767659","destroyed"
"5176583","1306617","ok","0.99603075","destroyed"
"5175869","1306643","ok","0.9847423","destroyed"
"5158499","1306650","ok","0.9883896","destroyed"
"5161618","685736","ok","0.99250656","destroyed"
"5167241","1215031","ok","0.9939918","destroyed"
"5155353","986409","ok","0.97207266","destroyed"
"5142719","971462","ok","0.98092455","destroyed"
"5151975","1096052","ok","0.9911054","destroyed"
"5163641","1154338","ok","0.9712955","destroyed"
"5152009","554629","ok","0.98257184","destroyed"
"5116754","88596","ok","0.982116","destroyed"
"5139078","587033","ok","0.97091","destroyed"
"5153724","638432","ok","0.9721337","destroyed"
"5155554","712958","ok","0.9881462","destroyed"
"5149032","1083220","ok","0.979572","destroyed"
"5153275","253669","ok","0.9716161","destroyed"
"5151991","1103934","ok","0.97898346","destroyed"
"5156412","1219644","ok","0.97066855","destroyed"
"5000205","156800","ok","0.9783052","destroyed"
"5155109","44071","ok","0.9760838","destroyed"
"5168125","1186623","ok","0.96008396","destroyed"
"5168647","1287965","ok","0.975178","destroyed"
"5106816","768602","ok","0.96214694","destroyed"
"5153317","937767","ok","0.9882212","destroyed"
"5144017","1186785","ok","0.97259796","destroyed"
"5113266","1020005","ok","0.99211735","destroyed"
"5165307","1185722","ok","0.97670484","destroyed"
"5029407","408495","ok","0.9871589","destroyed"
"5163227","1017567","ok","0.9842424","destroyed"
"5138337","884875","ok","0.98482484","destroyed"
"5165619","1217276","ok","0.97180814","destroyed"
"5172220","1303746","ok","0.98719645","destroyed"
"5175162","1303855","ok","0.9926426","destroyed"
"5176720","1304205","ok","0.96850294","destroyed"
"5176531","1304382","ok","0.98965085","destroyed"
"5176059","1304478","ok","0.9784616","destroyed"
"5175569","1304581","ok","0.9948866","destroyed"
"5175447","1304588","ok","0.9951143","destroyed"
"5176339","1304662","ok","0.98377615","destroyed"
"5162910","1201520","ok","0.9753929","destroyed"
"5159983","1159897","ok","0.97502285","destroyed"
"5005406","1250093","ok","0.95402366","destroyed"
"5168833","1270262","ok","0.9887559","destroyed"
"5155035","123090","ok","0.98446345","destroyed"
"5013662","770400","ok","0.9891629","destroyed"
"5161021","1235596","ok","0.95475334","destroyed"
"5138246","952458","ok","0.9783257","destroyed"
"5176009","1305139","ok","0.9881301","destroyed"
"5176003","1305144","ok","0.9962081","destroyed"
"5175999","1305150","ok","0.983916","destroyed"
"5176413","1305302","ok","0.98262167","destroyed"
"5176863","1305330","ok","0.95315844","destroyed"
"5049974","1305538","ok","0.98845196","destroyed"
"5164108","1305838","ok","0.99404246","destroyed"
"5161702","1306123","ok","0.9514573","destroyed"
"5168158","1306234","ok","0.9858721","destroyed"
"5144153","958595","ok","0.9595644","destroyed"
"5161299","1157543","ok","0.98594785","destroyed"
"5167173","1242251","ok","0.97715867","destroyed"
"5167543","1221099","ok","0.97612303","destroyed"
"5023703","674010","ok","0.9872027","destroyed"
"5168955","1229277","ok","0.9644229","destroyed"
"5168796","1186713","ok","0.9756796","destroyed"
"5799519","1286537","ok","0.96940684","destroyed"
"5144962","1154983","ok","0.97142","destroyed"
"5168493","1253675","ok","0.96204036","destroyed"
"5168292","1187254","ok","0.98331934","destroyed"
"5037167","99561","ok","0.9895146","destroyed"
"5167235","1215030","ok","0.9940182","destroyed"
"5167233","1188699","ok","0.9826329","destroyed"
"5054566","153752","ok","0.9834457","destroyed"
"5165437","1187364","ok","0.9845799","destroyed"
"5168888","1270200","ok","0.99032295","destroyed"
"5162431","1259660","ok","0.95883304","destroyed"
"5172088","1295367","ok","0.96715856","destroyed"
"5168996","1270939","ok","0.98716205","destroyed"
"5169945","1270532","ok","0.968531","destroyed"
"5167238","1186716","ok","0.992753","destroyed"
"5174428","1302831","ok","0.9546952","destroyed"
"5176488","1303071","ok","0.9814998","destroyed"
"5176974","1303084","ok","0.99184614","destroyed"
"5141381","769300","ok","0.97553355","destroyed"
"5143308","344794","ok","0.99397343","destroyed"
"5036687","51710","ok","0.9906687","destroyed"
"5141647","920779","ok","0.9710675","destroyed"
"5107126","1039441","ok","0.9838923","destroyed"
"5136661","886307","ok","0.95496625","destroyed"
"5042304","601333","ok","0.9772092","destroyed"
"5144117","669638","ok","0.98275155","destroyed"
"5176688","1306467","ok","0.99111193","destroyed"
"5176275","1306519","ok","0.9824645","destroyed"
"5176273","1306521","ok","0.9892541","destroyed"
"5176704","1306522","ok","0.9658067","destroyed"
"5036841","1306536","ok","0.98637646","destroyed"
"5176251","1306538","ok","0.99031025","destroyed"
"5158017","1306554","ok","0.98834455","destroyed"
"5158016","1306557","ok","0.9949674","destroyed"
"5175919","1306589","ok","0.99255824","destroyed"
"5176394","1306629","ok","0.991797","destroyed"
"5176396","1306631","ok","0.9923602","destroyed"
"5175863","1306639","ok","0.990303","destroyed"
"5175862","1306641","ok","0.9929733","destroyed"
"5175870","1306644","ok","0.9790067","destroyed"
"5176798","1306652","ok","0.9870422","destroyed"
"5176382","1306836","ok","0.98625386","destroyed"
"5107308","1251209","ok","0.9867251","destroyed"
"5167009","1276467","ok","0.9843612","destroyed"
"5155146","57262","ok","0.9905642","destroyed"
"5063831","1247984","ok","0.9817276","destroyed"
"5155181","248020","ok","0.9878732","destroyed"
"5042887","526175","ok","0.9718214","destroyed"
"5174919","1306923","ok","0.95659006","destroyed"
"5176264","1306922","ok","0.98672897","destroyed"
"5177682","1306830","ok","0.98810697","destroyed"
